,Temperature(℃),Feels Like(℃),Dew Point(℃),Humidity(%),Temperature(℃).1,Humidity(%).1,Solar(W/m²),UVI,Rain Rate(mm/hr),Daily(mm),Event(mm),Hourly(mm),Weekly(mm),Monthly(mm),Yearly(mm),Wind Speed(m/s),Wind Gust(m/s),Wind Direction(º),Relative(hPa),Absolute(hPa),Temperature(℃).2,Humidity(%).2,Soilmoisture(%),Soilmoisture(%).1,Temperature(℃).3,Haptic Array(Battery)(V),Haptic Array(Capacitor)(V),Soilmoisture Sensor CH1(V),Soilmoisture Sensor CH2(V),Temperature Sensor CH1(V)
0,15.7,15.7,10.3,70,23.9,47,0.0,0,0.0,0.0,3.1,0.0,21.6,41.7,314.1,0.5,1.9,228,1009.4,1009.4,24.4,52,28,25,20.5,3.06,5.1,1.5,1.5,1.5
1,15.7,15.7,10.4,71,23.9,47,0.0,0,0.0,0.0,3.1,0.0,21.6,41.7,314.1,0.7,2.4,215,1009.3,1009.3,24.4,52,28,25,20.4,3.06,5.1,1.5,1.5,1.5
2,15.6,15.6,10.6,72,23.9,47,0.0,0,0.0,0.0,3.1,0.0,21.6,41.7,314.1,0.0,1.7,271,1009.2,1009.2,24.4,52,28,25,20.4,3.06,5.0,1.5,1.5,1.5
3,15.6,15.6,10.7,73,23.9,47,0.0,0,0.0,0.0,3.1,0.0,21.6,41.7,314.1,0.0,1.0,9,1009.2,1009.2,24.4,52,28,25,20.4,3.06,5.0,1.5,1.5,1.5
4,15.5,15.5,10.7,73,23.9,47,0.0,0,0.0,0.0,3.1,0.0,21.6,41.7,314.1,0.2,1.0,276,1009.1,1009.1,24.4,52,28,25,20.4,3.06,5.0,1.5,1.5,1.48
5,15.4,15.4,10.6,73,23.9,47,0.0,0,0.0,0.0,3.1,0.0,21.6,41.7,314.1,0.2,1.3,210,1009.1,1009.1,24.4,52,28,25,20.3,3.06,5.0,1.5,1.5,1.48
6,15.3,15.3,10.7,74,23.9,47,0.0,0,0.0,0.0,3.1,0.0,21.6,41.7,314.1,0.1,1.6,203,1009.2,1009.2,24.4,52,28,25,20.2,3.06,5.0,1.5,1.5,1.48
7,15.3,15.3,10.8,75,23.9,47,0.0,0,0.0,0.0,3.1,0.0,21.6,41.7,314.1,0.1,1.0,235,1009.2,1009.2,24.4,52,28,25,20.2,3.06,5.0,1.5,1.5,1.5
8,15.2,15.2,10.8,75,23.9,47,0.0,0,0.0,0.0,3.1,0.0,21.6,41.7,314.1,0.4,1.6,224,1009.3,1009.3,24.4,52,28,25,20.3,3.06,5.0,1.5,1.5,1.5
9,15.0,15.0,10.9,76,23.9,47,0.0,0,0.0,0.0,3.1,0.0,21.6,41.7,314.1,0.3,1.3,220,1009.3,1009.3,24.4,52,28,25,20.3,3.06,5.0,1.5,1.5,1.5
10,14.9,14.9,10.9,77,23.9,47,0.0,0,0.0,0.0,3.1,0.0,21.6,41.7,314.1,0.3,2.7,204,1009.1,1009.1,24.4,52,28,25,20.2,3.06,5.0,1.5,1.5,1.5
11,14.9,14.9,10.9,77,23.9,47,0.0,0,0.0,0.0,3.1,0.0,21.6,41.7,314.1,0.7,2.5,226,1009.2,1009.2,24.4,52,28,25,20.2,3.06,5.0,1.5,1.5,1.5
12,14.8,14.8,11.0,78,23.9,47,0.0,0,0.0,0.0,3.1,0.0,21.6,41.7,314.1,0.3,1.4,210,1009.2,1009.2,24.4,52,28,25,20.2,3.06,5.0,1.5,1.5,1.5
13,14.7,14.7,10.9,78,23.9,47,0.0,0,0.0,0.0,3.1,0.0,21.6,41.7,314.1,0.3,1.7,216,1009.2,1009.2,24.3,52,28,25,20.1,3.06,5.0,1.5,1.5,1.5
14,14.7,14.7,10.8,77,23.9,47,0.0,0,0.0,0.0,3.1,0.0,21.6,41.7,314.1,0.3,1.2,213,1009.2,1009.2,24.3,52,28,25,20.1,3.06,5.0,1.5,1.5,1.5
15,14.7,14.7,10.8,78,23.9,47,0.0,0,0.0,0.0,3.1,0.0,21.6,41.7,314.1,0.5,1.4,206,1009.3,1009.3,24.3,52,28,25,20.1,3.06,5.0,1.5,1.5,1.5
16,14.7,14.7,10.7,77,23.9,47,0.0,0,0.0,0.0,3.1,0.0,21.6,41.7,314.1,0.5,1.4,216,1009.2,1009.2,24.3,52,28,25,20.1,3.06,5.0,1.5,1.5,1.5
17,14.7,14.7,10.7,77,23.9,47,0.0,0,0.0,0.0,3.1,0.0,21.6,41.7,314.1,0.6,2.0,223,1009.3,1009.3,24.3,52,28,25,20.1,3.06,5.0,1.5,1.5,1.48
18,14.7,14.7,10.7,77,23.9,47,0.0,0,0.0,0.0,3.1,0.0,21.6,41.7,314.1,0.7,2.8,209,1009.4,1009.4,24.3,52,28,25,20.0,3.06,5.0,1.5,1.5,1.48
19,14.6,14.6,10.7,78,23.9,47,0.0,0,0.0,0.0,3.1,0.0,21.6,41.7,314.1,0.6,1.5,193,1009.3,1009.3,24.3,52,28,25,20.0,3.06,5.0,1.5,1.5,1.49
20,14.5,14.5,10.7,78,23.9,47,0.0,0,0.0,0.0,3.1,0.0,21.6,41.7,314.1,0.4,1.9,230,1009.3,1009.3,24.3,52,28,25,20.1,3.06,5.0,1.5,1.5,1.5
21,14.4,14.4,10.8,79,23.9,47,0.0,0,0.0,0.0,3.1,0.0,21.6,41.7,314.1,0.6,1.8,215,1009.4,1009.4,24.3,52,28,25,20.0,3.06,5.0,1.5,1.5,1.5
22,14.3,14.3,10.8,79,23.9,47,0.0,0,0.0,0.0,3.1,0.0,21.6,41.7,314.1,0.8,2.1,242,1009.4,1009.4,24.3,52,28,25,19.9,3.06,5.0,1.5,1.5,1.5
23,14.3,14.3,10.9,80,23.9,47,0.0,0,0.0,0.0,3.1,0.0,21.6,41.7,314.1,0.7,2.7,218,1009.4,1009.4,24.3,52,28,25,19.9,3.06,5.0,1.5,1.5,1.5
24,14.1,14.1,10.9,81,23.9,47,0.0,0,0.0,0.0,3.1,0.0,21.6,41.7,314.1,0.6,2.7,203,1009.4,1009.4,24.3,52,28,25,19.9,3.06,4.9,1.5,1.5,1.5
25,14.0,14.0,10.9,82,23.9,47,0.0,0,0.0,0.0,3.1,0.0,21.6,41.7,314.1,0.7,1.9,269,1009.4,1009.4,24.3,52,28,25,19.8,3.06,4.9,1.5,1.5,1.5
26,13.9,13.9,10.9,82,23.9,47,0.0,0,0.0,0.0,3.1,0.0,21.6,41.7,314.1,0.5,1.2,238,1009.3,1009.3,24.3,52,28,25,19.8,3.06,4.9,1.5,1.5,1.5
27,13.8,13.8,10.9,83,23.9,47,0.0,0,0.0,0.0,3.1,0.0,21.6,41.7,314.1,0.1,1.8,203,1009.3,1009.3,24.3,52,28,25,19.8,3.06,4.9,1.5,1.5,1.5
28,13.7,13.7,10.9,83,23.9,47,0.0,0,0.0,0.0,3.1,0.0,21.6,41.7,314.1,0.6,1.5,196,1009.3,1009.3,24.2,52,28,25,19.8,3.06,4.9,1.5,1.5,1.5
29,13.7,13.7,10.9,83,23.9,47,0.0,0,0.0,0.0,3.1,0.0,21.6,41.7,314.1,0.4,1.8,260,1009.4,1009.4,24.2,52,28,25,19.8,3.06,4.9,1.5,1.5,1.5
30,13.6,13.6,10.9,84,23.9,47,0.0,0,0.0,0.0,3.1,0.0,21.6,41.7,314.1,0.3,1.8,226,1009.2,1009.2,24.2,52,28,25,19.8,3.06,4.9,1.5,1.5,1.5
31,13.5,13.5,10.8,84,23.9,47,0.0,0,0.0,0.0,3.1,0.0,21.6,41.7,314.1,0.1,1.3,207,1009.2,1009.2,24.2,52,27,25,19.7,3.06,4.9,1.5,1.5,1.5
32,13.5,13.5,10.9,84,23.9,47,0.0,0,0.0,0.0,3.1,0.0,21.6,41.7,314.1,0.0,1.5,215,1009.1,1009.1,24.2,52,28,25,19.6,3.06,4.9,1.5,1.5,1.5
33,13.4,13.4,10.9,85,23.8,47,0.0,0,0.0,0.0,3.1,0.0,21.6,41.7,314.1,0.2,0.7,219,1009.2,1009.2,24.2,52,28,25,19.7,3.06,4.9,1.5,1.5,1.5
34,13.3,13.3,10.9,85,23.9,47,0.0,0,0.0,0.0,3.1,0.0,21.6,41.7,314.1,0.2,1.1,195,1009.2,1009.2,24.2,52,28,25,19.6,3.06,4.9,1.5,1.5,1.5
35,13.3,13.3,10.9,86,23.8,47,0.0,0,0.0,0.0,3.1,0.0,21.6,41.7,314.1,0.0,1.3,215,1009.2,1009.2,24.2,52,28,25,19.6,3.06,4.9,1.5,1.5,1.5
36,13.2,13.2,10.9,86,23.8,47,0.0,0,0.0,0.0,3.1,0.0,21.6,41.7,314.1,0.1,0.9,230,1009.2,1009.2,24.2,51,27,25,19.6,3.06,4.9,1.5,1.5,1.5
37,13.2,13.2,10.9,86,23.8,47,0.0,0,0.0,0.0,3.1,0.0,21.6,41.7,314.1,0.3,0.9,184,1009.1,1009.1,24.2,51,28,25,19.5,3.06,4.9,1.5,1.5,1.5
38,13.2,13.2,10.9,86,23.8,47,0.0,0,0.0,0.0,3.1,0.0,21.6,41.7,314.1,0.2,1.2,233,1009.0,1009.0,24.2,51,28,25,19.4,3.06,4.9,1.5,1.5,1.5
39,13.1,13.1,10.9,86,23.8,47,0.0,0,0.0,0.0,3.1,0.0,21.6,41.7,314.1,0.1,1.0,289,1009.0,1009.0,24.2,51,28,25,19.4,3.06,4.9,1.5,1.5,1.5
40,13.1,13.1,11.0,87,23.8,47,0.0,0,0.0,0.0,3.1,0.0,21.6,41.7,314.1,0.0,0.6,5,1009.0,1009.0,24.2,51,27,25,19.4,3.06,4.9,1.5,1.5,1.5
41,13.0,13.0,10.9,87,23.8,47,0.0,0,0.0,0.0,3.1,0.0,21.6,41.7,314.1,0.0,1.1,195,1008.9,1008.9,24.2,51,28,25,19.3,3.06,4.9,1.5,1.5,1.5
42,13.0,13.0,10.9,87,23.8,47,0.0,0,0.0,0.0,3.1,0.0,21.6,41.7,314.1,0.3,1.1,241,1009.0,1009.0,24.1,51,27,25,19.3,3.06,4.9,1.5,1.5,1.5
43,13.0,13.0,10.9,87,23.8,47,0.0,0,0.0,0.0,3.1,0.0,21.6,41.7,314.1,0.1,1.2,205,1009.0,1009.0,24.1,51,27,25,19.4,3.06,4.9,1.5,1.5,1.5
44,13.0,13.0,10.9,87,23.8,47,0.0,0,0.0,0.0,3.1,0.0,21.6,41.7,314.1,0.6,1.8,204,1008.9,1008.9,24.1,51,27,25,19.3,3.06,4.8,1.5,1.5,1.5
45,13.0,13.0,10.9,87,23.8,47,0.0,0,0.0,0.0,3.1,0.0,21.6,41.7,314.1,0.1,0.9,213,1008.9,1008.9,24.1,51,28,25,19.3,3.06,4.8,1.5,1.5,1.5
46,13.0,13.0,10.9,87,23.8,47,0.0,0,0.0,0.0,3.1,0.0,21.6,41.7,314.1,0.2,1.2,1,1008.9,1008.9,24.1,51,27,25,19.3,3.06,4.8,1.5,1.5,1.5
47,13.0,13.0,10.9,87,23.8,47,0.0,0,0.0,0.0,3.1,0.0,21.6,41.7,314.1,0.0,1.2,80,1008.8,1008.8,24.1,51,27,25,19.2,3.06,4.8,1.5,1.5,1.5
48,13.0,13.0,10.9,87,23.8,47,0.0,0,0.0,0.0,3.1,0.0,21.6,41.7,314.1,0.4,2.0,217,1008.8,1008.8,24.1,51,27,25,19.2,3.06,4.8,1.5,1.5,1.5
49,12.9,12.9,10.9,88,23.8,47,0.0,0,0.0,0.0,3.1,0.0,21.6,41.7,314.1,0.3,1.2,193,1008.8,1008.8,24.1,51,28,25,19.2,3.06,4.8,1.5,1.5,1.5
50,12.9,12.9,10.8,87,23.8,47,0.0,0,0.0,0.0,3.1,0.0,21.6,41.7,314.1,0.4,2.4,207,1008.8,1008.8,24.1,51,27,25,19.2,3.06,4.8,1.5,1.5,1.5
51,12.9,12.9,10.9,88,23.8,47,0.0,0,0.0,0.0,3.1,0.0,21.6,41.7,314.1,0.1,1.2,209,1008.8,1008.8,24.1,51,27,25,19.1,3.06,4.8,1.5,1.5,1.5
52,12.9,12.9,10.9,88,23.8,47,0.0,0,0.0,0.0,3.1,0.0,21.6,41.7,314.1,0.5,1.4,212,1008.9,1008.9,24.0,51,27,25,19.0,3.06,4.8,1.5,1.5,1.5
53,12.9,12.9,10.9,88,23.8,47,0.0,0,0.0,0.0,3.1,0.0,21.6,41.7,314.1,0.0,1.4,285,1008.8,1008.8,24.1,51,27,25,19.0,3.06,4.8,1.5,1.5,1.5
54,12.9,12.9,10.9,88,23.8,47,0.0,0,0.0,0.0,3.1,0.0,21.6,41.7,314.1,0.1,1.5,196,1008.8,1008.8,24.0,51,27,25,19.0,3.06,4.8,1.5,1.5,1.5
55,12.9,12.9,10.9,88,23.8,47,0.0,0,0.0,0.0,3.1,0.0,21.6,41.7,314.1,0.6,1.7,209,1008.8,1008.8,24.0,51,27,25,19.0,3.06,4.8,1.5,1.5,1.5
56,12.8,12.8,10.8,88,23.8,47,0.0,0,0.0,0.0,3.1,0.0,21.6,41.7,314.1,0.3,1.5,187,1008.8,1008.8,24.0,51,27,25,19.0,3.06,4.8,1.5,1.5,1.5
57,12.7,12.7,10.9,89,23.8,47,0.1,0,0.0,0.0,3.1,0.0,21.6,41.7,314.1,0.0,1.4,125,1008.7,1008.7,24.0,51,27,25,18.9,3.06,4.8,1.5,1.5,1.5
58,12.6,12.6,10.8,89,23.8,47,0.2,0,0.0,0.0,3.1,0.0,21.6,41.7,314.1,0.4,1.4,171,1008.7,1008.7,24.0,51,27,25,18.9,3.06,4.8,1.5,1.5,1.5
59,12.5,12.5,10.7,89,23.8,47,0.4,0,0.0,0.0,3.1,0.0,21.6,41.7,314.1,0.0,0.8,176,1008.7,1008.7,24.0,51,27,25,18.8,3.06,4.8,1.5,1.5,1.5
60,12.4,12.4,10.7,89,23.8,47,0.7,0,0.0,0.0,3.1,0.0,21.6,41.7,314.1,0.3,1.0,101,1008.8,1008.8,24.0,51,27,25,18.8,3.06,4.8,1.5,1.5,1.5
61,12.3,12.3,10.7,90,23.8,47,1.2,0,0.0,0.0,3.1,0.0,21.6,41.7,314.1,0.1,0.9,205,1008.8,1008.8,24.0,51,27,25,18.8,3.06,4.8,1.5,1.5,1.5
62,12.3,12.3,10.7,90,23.8,47,1.8,0,0.0,0.0,3.1,0.0,21.6,41.7,314.1,0.0,0.9,22,1008.8,1008.8,24.0,51,27,25,18.8,3.06,4.8,1.5,1.5,1.5
63,12.3,12.3,10.7,90,23.8,47,2.8,0,0.0,0.0,3.1,0.0,21.6,41.7,314.1,0.1,0.7,131,1008.8,1008.8,24.0,51,27,25,18.7,3.06,4.8,1.5,1.5,1.5
64,12.3,12.3,10.7,90,23.8,47,3.8,0,0.0,0.0,3.1,0.0,21.6,41.7,314.1,0.5,1.3,204,1008.8,1008.8,24.0,51,27,25,18.7,3.06,4.7,1.5,1.5,1.5
65,12.3,12.3,10.5,89,23.8,47,5.2,0,0.0,0.0,3.1,0.0,21.6,41.7,314.1,0.4,1.4,204,1008.7,1008.7,24.0,51,27,25,18.7,3.06,4.7,1.5,1.5,1.5
66,12.3,12.3,10.5,89,23.8,47,7.0,0,0.0,0.0,3.1,0.0,21.6,41.7,314.1,0.4,1.5,159,1008.8,1008.8,24.0,51,27,25,18.7,3.06,4.7,1.5,1.5,1.5
67,12.3,12.3,10.6,89,23.8,47,8.9,0,0.0,0.0,3.1,0.0,21.6,41.7,314.1,0.5,1.0,198,1008.7,1008.7,24.0,51,27,25,18.6,3.06,4.7,1.5,1.5,1.5
68,12.4,12.4,10.6,89,23.8,47,11.2,0,0.0,0.0,3.1,0.0,21.6,41.7,314.1,0.9,1.9,210,1008.7,1008.7,23.9,51,27,25,18.5,3.06,4.7,1.5,1.5,1.5
69,12.5,12.5,10.7,89,23.8,47,14.1,0,0.0,0.0,3.1,0.0,21.6,41.7,314.1,0.4,1.1,172,1008.7,1008.7,23.9,51,27,25,18.6,3.06,4.7,1.5,1.5,1.5
70,12.7,12.7,10.7,88,23.8,47,17.2,0,0.0,0.0,3.1,0.0,21.6,41.7,314.1,0.8,1.5,195,1008.8,1008.8,23.9,51,27,25,18.5,3.06,4.7,1.5,1.5,1.5
71,12.8,12.8,10.6,87,23.8,47,21.1,0,0.0,0.0,3.1,0.0,21.6,41.7,314.1,0.3,1.3,201,1008.7,1008.7,23.9,50,27,25,18.5,3.06,4.7,1.5,1.5,1.5
72,12.8,12.8,10.6,86,23.7,47,25.5,0,0.0,0.0,3.1,0.0,21.6,41.7,314.1,0.4,1.8,196,1008.5,1008.5,23.9,50,27,25,18.5,3.06,4.7,1.5,1.5,1.5
73,13.1,13.1,10.8,85,23.7,47,30.3,0,0.0,0.0,3.1,0.0,21.6,41.7,314.1,0.3,0.9,48,1008.5,1008.5,23.9,50,27,25,18.4,3.06,4.7,1.5,1.5,1.5
74,13.4,13.4,10.8,84,23.8,47,35.1,0,0.0,0.0,3.1,0.0,21.6,41.7,314.1,0.3,1.3,67,1008.4,1008.4,23.9,50,27,25,18.4,3.06,4.7,1.5,1.5,1.5
75,13.5,13.5,10.9,84,23.7,47,40.2,0,0.0,0.0,3.1,0.0,21.6,41.7,314.1,0.5,1.4,206,1008.6,1008.6,23.9,50,27,25,18.4,3.06,4.7,1.5,1.5,1.5
76,13.5,13.5,10.8,84,23.7,47,45.4,0,0.0,0.0,3.1,0.0,21.6,41.7,314.1,0.5,1.7,211,1008.5,1008.5,23.9,50,27,25,18.4,3.06,4.7,1.5,1.5,1.5
77,13.4,13.4,10.8,84,23.7,47,51.1,0,0.0,0.0,3.1,0.0,21.6,41.7,314.1,0.8,2.4,217,1008.5,1008.5,23.9,50,27,25,18.3,3.06,4.7,1.5,1.5,1.5
78,13.5,13.5,10.7,83,23.7,47,58.7,0,0.0,0.0,3.1,0.0,21.6,41.7,314.1,0.7,2.9,199,1008.5,1008.5,23.9,50,27,25,18.3,3.06,4.7,1.5,1.5,1.5
79,13.6,13.6,10.7,83,23.7,47,69.8,0,0.0,0.0,3.1,0.0,21.6,41.7,314.1,0.2,1.9,218,1008.4,1008.4,23.9,50,27,25,18.2,3.06,4.7,1.5,1.5,1.5
80,13.7,13.7,10.7,82,23.7,47,79.2,0,0.0,0.0,3.1,0.0,21.6,41.7,314.1,0.3,1.7,211,1008.4,1008.4,23.9,50,27,25,18.2,3.06,4.8,1.5,1.5,1.5
81,13.8,13.8,10.8,82,23.7,47,80.3,0,0.0,0.0,3.1,0.0,21.6,41.7,314.1,0.8,2.0,245,1008.4,1008.4,23.9,50,27,25,18.2,3.06,4.8,1.5,1.5,1.5
82,14.1,14.1,10.8,81,23.7,47,79.0,0,0.0,0.0,3.1,0.0,21.6,41.7,314.1,0.5,1.6,226,1008.4,1008.4,23.8,50,27,25,18.2,3.06,4.8,1.5,1.5,1.5
83,14.2,14.2,10.8,80,23.7,47,79.4,0,0.0,0.0,3.1,0.0,21.6,41.7,314.1,1.0,2.8,193,1008.4,1008.4,23.8,50,27,25,18.2,3.06,4.8,1.5,1.5,1.5
84,14.2,14.2,10.7,80,23.7,47,73.8,0,0.0,0.0,3.1,0.0,21.6,41.7,314.1,0.8,3.3,158,1008.3,1008.3,23.8,50,27,25,18.2,3.06,4.8,1.5,1.5,1.48
85,14.6,14.6,10.9,78,23.7,47,75.1,0,0.0,0.0,3.1,0.0,21.6,41.7,314.1,0.2,1.6,181,1008.3,1008.3,23.8,50,27,25,18.1,3.06,4.8,1.5,1.5,1.48
86,14.6,14.6,10.8,78,23.7,47,73.2,0,0.0,0.0,3.1,0.0,21.6,41.7,314.1,1.3,2.9,217,1008.3,1008.3,23.8,50,27,25,18.1,3.06,4.8,1.5,1.5,1.48
87,14.6,14.6,10.9,79,23.7,47,74.0,0,0.0,0.0,3.1,0.0,21.6,41.7,314.1,0.6,3.1,214,1008.4,1008.4,23.8,50,27,25,18.0,3.06,4.8,1.5,1.5,1.48
88,14.7,14.7,10.8,78,23.7,47,95.6,0,0.0,0.0,3.1,0.0,21.6,41.7,314.1,0.6,2.3,217,1008.4,1008.4,23.8,50,27,25,18.1,3.06,4.9,1.5,1.5,1.48
89,14.8,14.8,10.8,77,23.7,47,74.7,0,0.0,0.0,3.1,0.0,21.6,41.7,314.1,1.0,1.9,210,1008.5,1008.5,23.8,50,27,25,18.1,3.06,4.9,1.5,1.5,1.48
90,14.9,14.9,10.8,76,23.7,47,113.7,1,0.0,0.0,3.1,0.0,21.6,41.7,314.1,0.7,1.9,199,1008.4,1008.4,23.8,50,27,25,18.0,3.06,4.9,1.5,1.5,1.48
91,15.2,15.2,10.9,76,23.7,47,97.7,0,0.0,0.0,3.1,0.0,21.6,41.7,314.1,0.7,1.6,148,1008.3,1008.3,23.8,50,27,25,18.0,3.06,4.9,1.5,1.5,1.48
92,15.4,15.4,10.9,75,23.7,47,172.4,1,0.0,0.0,3.1,0.0,21.6,41.7,314.1,0.5,2.3,151,1008.3,1008.3,23.8,50,27,25,18.0,3.06,4.9,1.5,1.5,1.48
93,15.7,15.7,10.9,73,23.7,47,107.8,1,0.0,0.0,3.1,0.0,21.6,41.7,314.1,1.8,2.6,183,1008.2,1008.2,23.8,50,27,25,18.0,3.06,4.9,1.5,1.5,1.48
94,15.7,15.7,10.8,73,23.7,47,126.3,1,0.0,0.0,3.1,0.0,21.6,41.7,314.1,0.6,2.0,190,1008.3,1008.3,23.8,50,27,25,18.1,3.06,5.0,1.5,1.5,1.48
95,15.9,15.9,10.9,72,23.8,47,149.8,1,0.0,0.0,3.1,0.0,21.6,41.7,314.1,1.1,3.0,197,1008.3,1008.3,23.8,50,27,25,18.0,3.06,5.0,1.5,1.5,1.48
96,16.2,16.2,11.0,71,23.7,47,156.0,1,0.0,0.0,3.1,0.0,21.6,41.7,314.1,0.7,2.3,185,1008.2,1008.2,23.9,50,27,25,18.0,3.06,5.0,1.5,1.5,1.48
97,16.7,16.7,11.1,70,23.8,47,217.1,2,0.0,0.0,3.1,0.0,21.6,41.7,314.1,0.7,2.1,186,1008.2,1008.2,23.9,50,27,25,18.0,3.06,5.0,1.5,1.5,1.48
98,16.6,16.6,11.1,70,23.8,47,229.8,2,0.0,0.0,3.1,0.0,21.6,41.7,314.1,1.5,4.5,211,1008.1,1008.1,23.9,50,27,24,18.0,3.06,5.1,1.5,1.5,1.48
99,16.5,16.5,11.0,70,23.7,47,226.2,2,0.0,0.0,3.1,0.0,21.6,41.7,314.1,1.8,4.2,170,1008.1,1008.1,23.9,50,27,24,18.1,3.06,5.1,1.5,1.5,1.48
100,16.7,16.7,10.9,69,23.8,47,259.8,2,0.0,0.0,3.1,0.0,21.6,41.7,314.1,0.7,4.2,202,1008.1,1008.1,23.9,50,27,24,18.1,3.06,5.2,1.5,1.5,1.48
101,16.8,16.8,10.9,68,23.8,47,190.6,1,0.0,0.0,3.1,0.0,21.6,41.7,314.1,1.0,2.0,215,1008.0,1008.0,23.9,50,27,24,18.1,3.06,5.2,1.5,1.5,1.48
102,16.7,16.7,10.8,68,23.7,47,281.6,2,0.0,0.0,3.1,0.0,21.6,41.7,314.1,0.9,3.7,251,1008.1,1008.1,23.9,50,27,24,18.1,3.06,5.2,1.5,1.5,1.48
103,16.8,16.8,10.8,68,23.8,47,240.9,2,0.0,0.0,3.1,0.0,21.6,41.7,314.1,1.1,3.6,216,1008.0,1008.0,23.9,50,27,24,18.2,3.06,5.2,1.5,1.5,1.48
104,16.8,16.8,10.9,68,23.7,47,249.9,2,0.0,0.0,3.1,0.0,21.6,41.7,314.1,1.4,2.9,223,1008.1,1008.1,23.9,50,27,24,18.2,3.06,5.3,1.5,1.5,1.48
105,17.0,17.0,10.8,67,23.8,47,360.1,3,0.0,0.0,3.1,0.0,21.6,41.7,314.1,1.7,3.8,210,1008.2,1008.2,23.9,50,27,24,18.2,3.06,5.3,1.5,1.5,1.48
106,17.3,17.3,11.1,67,23.8,47,345.1,3,0.0,0.0,3.1,0.0,21.6,41.7,314.1,1.1,2.5,248,1008.1,1008.1,23.9,50,27,24,18.3,3.06,5.3,1.5,1.5,1.48
107,17.5,17.5,11.1,66,23.8,47,335.6,3,0.0,0.0,3.1,0.0,21.6,41.7,314.1,1.0,2.9,237,1008.1,1008.1,23.9,50,27,24,18.3,3.06,5.3,1.5,1.5,1.48
108,17.8,17.8,11.1,65,23.8,47,389.3,3,0.0,0.0,3.1,0.0,21.6,41.7,314.1,0.6,2.7,208,1008.1,1008.1,23.9,50,27,24,18.3,3.06,5.3,1.5,1.5,1.48
109,17.9,17.9,11.1,64,23.8,47,394.8,3,0.0,0.0,3.1,0.0,21.6,41.7,314.1,1.3,5.5,189,1008.1,1008.1,23.9,50,27,24,18.3,3.06,5.3,1.5,1.5,1.48
110,17.7,17.7,11.2,65,23.8,47,395.2,3,0.0,0.0,3.1,0.0,21.6,41.7,314.1,1.2,5.5,212,1008.0,1008.0,23.9,50,27,24,18.4,3.06,5.3,1.5,1.5,1.48
111,17.9,17.9,11.2,65,23.8,47,433.0,4,0.0,0.0,3.1,0.0,21.6,41.7,314.1,1.1,3.6,224,1007.9,1007.9,24.0,50,27,24,18.5,3.06,5.3,1.5,1.5,1.48
112,18.0,18.0,11.2,64,23.8,47,474.2,4,0.0,0.0,3.1,0.0,21.6,41.7,314.1,1.7,3.6,210,1007.9,1007.9,24.0,50,27,24,18.5,3.06,5.3,1.5,1.5,1.48
113,18.1,18.1,11.2,64,23.8,47,372.9,3,0.0,0.0,3.1,0.0,21.6,41.7,314.1,1.4,4.1,209,1007.8,1007.8,24.0,50,27,24,18.6,3.06,5.3,1.5,1.5,1.48
114,18.2,18.2,11.2,64,23.8,47,524.5,4,0.0,0.0,3.1,0.0,21.6,41.7,314.1,1.5,4.3,222,1007.8,1007.8,24.0,50,27,24,18.6,3.06,5.3,1.5,1.5,1.48
115,18.2,18.2,11.3,64,23.8,47,273.6,2,0.0,0.0,3.1,0.0,21.6,41.7,314.1,1.3,3.1,198,1007.8,1007.8,24.0,50,27,24,18.7,3.06,5.3,1.5,1.5,1.48
116,18.2,18.2,11.3,64,23.8,47,298.7,2,0.0,0.0,3.1,0.0,21.6,41.7,314.1,1.3,3.6,200,1007.8,1007.8,24.0,50,27,24,18.7,3.06,5.3,1.5,1.5,1.48
117,18.2,18.2,11.3,64,23.8,47,262.3,2,0.0,0.0,3.1,0.0,21.6,41.7,314.1,0.7,2.6,196,1007.8,1007.8,24.0,51,27,24,18.8,3.06,5.3,1.5,1.5,1.48
118,18.2,18.2,11.3,64,23.8,47,265.2,2,0.0,0.0,3.1,0.0,21.6,41.7,314.1,1.4,3.3,213,1007.8,1007.8,24.0,49,27,24,18.8,3.06,5.3,1.5,1.5,1.48
119,18.2,18.2,11.2,64,23.8,47,262.4,2,0.0,0.0,3.1,0.0,21.6,41.7,314.1,1.6,3.3,201,1007.8,1007.8,23.9,48,27,24,18.8,3.06,5.3,1.5,1.5,1.48
120,18.2,18.2,11.5,65,23.8,47,289.8,2,0.0,0.0,3.1,0.0,21.6,41.7,314.1,0.9,3.3,210,1007.8,1007.8,23.8,48,27,24,18.9,3.06,5.3,1.5,1.5,1.48
121,18.3,18.3,11.5,65,23.8,47,241.7,2,0.0,0.0,3.1,0.0,21.6,41.7,314.1,0.8,2.4,214,1007.7,1007.7,23.7,48,27,24,19.0,3.06,5.3,1.5,1.5,1.48
122,18.3,18.3,11.7,65,23.8,47,240.2,2,0.0,0.0,3.1,0.0,21.6,41.7,314.1,0.6,2.6,213,1007.8,1007.8,23.6,49,27,24,19.1,3.06,5.3,1.5,1.5,1.48
123,18.0,18.0,11.6,66,23.8,47,241.0,2,0.0,0.0,3.1,0.0,21.6,41.7,314.1,2.5,5.3,214,1007.8,1007.8,23.6,49,27,24,19.2,3.06,5.3,1.5,1.5,1.48
124,17.9,17.9,11.5,66,23.8,47,247.8,2,0.0,0.0,3.1,0.0,21.6,41.7,314.1,1.1,5.0,221,1007.7,1007.7,23.5,49,27,24,19.2,3.06,5.3,1.5,1.5,1.48
125,18.0,18.0,11.6,66,23.8,47,245.4,2,0.0,0.0,3.1,0.0,21.6,41.7,314.1,1.6,2.7,205,1007.7,1007.7,23.5,49,27,24,19.3,3.06,5.3,1.5,1.5,1.48
126,18.0,18.0,11.7,66,23.8,47,295.8,2,0.0,0.0,3.1,0.0,21.6,41.7,314.1,0.4,2.7,264,1007.5,1007.5,23.5,49,27,24,19.3,3.06,5.3,1.5,1.5,1.48
127,18.3,18.3,11.9,66,23.8,47,296.4,2,0.0,0.0,3.1,0.0,21.6,41.7,314.1,1.0,2.0,235,1007.6,1007.6,23.6,49,27,24,19.4,3.06,5.3,1.5,1.5,1.48
128,18.3,18.3,11.8,66,23.8,47,292.7,2,0.0,0.0,3.1,0.0,21.6,41.7,314.1,0.6,2.6,196,1007.5,1007.5,23.6,49,27,24,19.4,3.06,5.3,1.5,1.5,1.48
129,18.1,18.1,11.7,66,23.8,47,285.2,2,0.0,0.0,3.1,0.0,21.6,41.7,314.1,1.5,3.1,216,1007.3,1007.3,23.4,48,27,24,19.5,3.06,5.3,1.5,1.5,1.48
130,18.1,18.1,11.7,66,23.8,47,432.3,4,0.0,0.0,3.1,0.0,21.6,41.7,314.1,1.9,4.3,179,1007.2,1007.2,23.2,49,26,24,19.5,3.06,5.3,1.5,1.5,1.48
131,18.2,18.2,11.7,66,23.8,47,446.3,4,0.0,0.0,3.1,0.0,21.6,41.7,314.1,1.3,2.9,225,1007.2,1007.2,23.1,49,26,24,19.5,3.06,5.3,1.5,1.5,1.48
132,18.5,18.5,11.8,65,23.8,47,554.3,5,0.0,0.0,3.1,0.0,21.6,41.7,314.1,1.7,3.9,209,1007.1,1007.1,23.1,49,26,24,19.5,3.06,5.3,1.5,1.5,1.48
133,18.9,18.9,11.7,63,23.8,47,618.5,5,0.0,0.0,3.1,0.0,21.6,41.7,314.1,1.4,3.6,219,1007.0,1007.0,23.1,49,26,24,19.7,3.06,5.3,1.5,1.5,1.48
134,18.8,18.8,11.7,64,23.8,47,319.7,2,0.0,0.0,3.1,0.0,21.6,41.7,314.1,1.5,3.6,118,1006.9,1006.9,23.1,49,26,24,19.6,3.06,5.3,1.5,1.5,1.48
135,18.5,18.5,11.5,64,23.8,47,247.4,2,0.0,0.0,3.1,0.0,21.6,41.7,314.1,1.3,3.4,146,1007.0,1007.0,23.1,49,26,23,19.7,3.06,5.3,1.5,1.5,1.48
136,18.6,18.6,11.5,63,23.8,47,239.9,2,0.0,0.0,3.1,0.0,21.6,41.7,314.1,1.3,2.9,172,1007.0,1007.0,23.0,49,26,23,19.7,3.06,5.3,1.5,1.5,1.48
137,18.5,18.5,11.5,64,23.8,47,251.8,2,0.0,0.0,3.1,0.0,21.6,41.7,314.1,1.4,2.9,220,1007.0,1007.0,23.0,49,26,23,19.8,3.06,5.3,1.5,1.5,1.48
138,18.5,18.5,11.5,64,23.8,47,266.2,2,0.0,0.0,3.1,0.0,21.6,41.7,314.1,1.1,3.3,163,1006.9,1006.9,23.0,49,26,23,19.8,3.06,5.3,1.5,1.5,1.48
139,18.5,18.5,11.5,64,23.8,47,236.8,2,0.0,0.0,3.1,0.0,21.6,41.7,314.1,1.8,3.8,211,1006.8,1006.8,22.9,49,26,23,19.8,3.06,5.3,1.5,1.5,1.48
140,18.5,18.5,11.8,65,23.8,47,220.7,2,0.0,0.0,3.1,0.0,21.6,41.7,314.1,1.0,3.3,181,1006.7,1006.7,22.9,50,26,23,19.8,3.06,5.3,1.5,1.5,1.48
141,18.3,18.3,11.6,65,23.8,47,257.2,2,0.0,0.0,3.1,0.0,21.6,41.7,314.1,0.8,2.6,194,1006.7,1006.7,22.9,50,26,23,19.8,3.06,5.3,1.5,1.5,1.48
142,18.6,18.6,11.8,65,23.8,47,281.3,2,0.0,0.0,3.1,0.0,21.6,41.7,314.1,0.2,2.0,334,1006.7,1006.7,22.9,50,26,23,19.9,3.06,5.3,1.5,1.5,1.48
143,18.7,18.7,12.0,65,23.8,47,184.0,1,0.0,0.0,3.1,0.0,21.6,41.7,314.1,0.6,3.9,128,1006.6,1006.6,22.9,50,26,23,19.9,3.06,5.3,1.5,1.5,1.48
144,18.4,18.4,11.9,66,23.8,47,233.2,2,0.0,0.0,3.1,0.0,21.6,41.7,314.1,1.4,3.7,197,1006.7,1006.7,22.9,50,26,23,19.8,3.06,5.3,1.5,1.5,1.48
145,18.2,18.2,11.9,66,23.8,47,230.1,2,0.0,0.0,3.1,0.0,21.6,41.7,314.1,1.1,2.9,171,1006.7,1006.7,22.9,50,26,23,19.9,3.06,5.3,1.5,1.5,1.48
146,18.3,18.3,11.9,66,23.8,47,223.5,2,0.0,0.0,3.1,0.0,21.6,41.7,314.1,1.2,2.9,220,1006.6,1006.6,22.9,51,26,23,20.0,3.06,5.3,1.5,1.5,1.48
147,18.3,18.3,12.1,67,23.8,47,296.7,2,0.0,0.0,3.1,0.0,21.6,41.7,314.1,0.0,3.1,189,1006.5,1006.5,23.0,51,26,23,20.0,3.06,5.3,1.5,1.5,1.48
148,18.5,18.5,12.2,67,23.8,47,380.2,3,0.0,0.0,3.1,0.0,21.6,41.7,314.1,1.4,3.3,186,1006.6,1006.6,23.1,51,26,23,20.0,3.06,5.3,1.5,1.5,1.48
149,18.7,18.7,12.3,66,23.8,47,374.7,3,0.0,0.0,3.1,0.0,21.6,41.7,314.1,0.5,3.3,140,1006.5,1006.5,23.1,51,26,23,20.0,3.06,5.3,1.5,1.5,1.48
150,19.0,19.0,12.5,66,23.8,47,390.1,3,0.0,0.0,3.1,0.0,21.6,41.7,314.1,0.8,2.3,170,1006.5,1006.5,23.2,51,26,23,20.0,3.06,5.3,1.5,1.5,1.48
151,19.1,19.1,12.4,65,23.8,47,385.0,3,0.0,0.0,3.1,0.0,21.6,41.7,314.1,1.4,4.0,209,1006.4,1006.4,23.2,51,26,23,20.0,3.06,5.3,1.5,1.5,1.48
152,19.1,19.1,12.4,65,23.8,47,320.7,2,0.0,0.0,3.1,0.0,21.6,41.7,314.1,1.5,4.0,218,1006.5,1006.5,23.2,51,28,23,20.0,3.06,5.3,1.5,1.5,1.48
153,19.0,19.0,12.2,65,23.8,47,150.0,1,0.0,0.0,3.1,0.0,21.6,41.7,314.1,1.3,3.7,213,1006.6,1006.6,23.3,51,31,23,20.1,3.06,5.3,1.5,1.5,1.48
154,19.2,19.2,12.3,64,23.8,47,230.2,2,0.0,0.0,3.1,0.0,21.6,41.7,314.1,0.7,2.1,242,1006.5,1006.5,23.3,51,32,23,20.0,3.06,5.3,1.5,1.5,1.48
155,19.2,19.2,12.4,64,23.8,47,233.6,2,0.0,0.0,3.1,0.0,21.6,41.7,314.1,0.9,2.4,219,1006.6,1006.6,23.3,51,33,23,20.1,3.06,5.3,1.5,1.5,1.48
156,19.3,19.3,12.4,64,23.8,47,261.3,2,0.0,0.0,3.1,0.0,21.6,41.7,314.1,1.0,2.5,241,1006.5,1006.5,23.4,51,33,23,20.0,3.06,5.3,1.5,1.5,1.48
157,19.3,19.3,12.4,64,23.8,47,216.2,2,0.0,0.0,3.1,0.0,21.6,41.7,314.1,1.7,3.1,235,1006.5,1006.5,23.4,51,33,23,20.1,3.06,5.3,1.5,1.5,1.48
158,19.4,19.4,12.5,64,23.8,47,196.5,1,0.0,0.0,3.1,0.0,21.6,41.7,314.1,0.8,2.2,235,1006.5,1006.5,23.4,52,34,23,20.1,3.06,5.3,1.5,1.5,1.48
159,19.3,19.3,12.4,64,23.8,47,281.2,2,0.0,0.0,3.1,0.0,21.6,41.7,314.1,1.4,3.8,218,1006.4,1006.4,23.5,52,34,23,20.2,3.06,5.3,1.5,1.5,1.48
160,19.3,19.3,12.6,65,23.8,47,238.7,2,0.0,0.0,3.1,0.0,21.6,41.7,314.1,1.2,4.1,205,1006.4,1006.4,23.5,52,34,23,20.3,3.06,5.3,1.5,1.5,1.48
161,19.3,19.3,12.8,66,23.8,47,237.9,2,0.0,0.0,3.1,0.0,21.6,41.7,314.1,1.1,4.0,203,1006.3,1006.3,23.6,52,34,23,20.2,3.06,5.3,1.5,1.5,1.48
162,19.1,19.1,12.8,67,23.7,48,236.7,2,0.0,0.0,3.1,0.0,21.6,41.7,314.1,1.6,4.0,207,1006.4,1006.4,23.6,52,34,23,20.3,3.06,5.3,1.5,1.5,1.48
163,19.0,19.0,12.8,67,23.5,48,219.0,2,0.0,0.0,3.1,0.0,21.6,41.7,314.1,1.9,4.8,218,1006.2,1006.2,23.6,51,34,23,20.3,3.06,5.3,1.5,1.5,1.48
164,18.9,18.9,13.0,69,23.6,49,224.4,2,0.0,0.0,3.1,0.0,21.6,41.7,314.1,1.5,5.0,224,1006.2,1006.2,23.6,51,34,23,20.3,3.06,5.3,1.5,1.5,1.48
165,18.7,18.7,13.3,71,23.6,49,251.1,2,0.0,0.0,3.1,0.0,21.6,41.7,314.1,1.3,5.0,206,1006.0,1006.0,23.6,51,35,23,20.3,3.06,5.3,1.5,1.5,1.48
166,18.8,18.8,13.5,72,23.7,48,253.8,2,0.6,0.1,3.2,0.1,21.7,41.8,314.2,0.7,2.2,202,1006.0,1006.0,23.6,52,35,23,20.3,3.06,5.3,1.5,1.5,1.48
167,18.9,18.9,13.6,71,23.7,48,255.6,2,0.6,0.1,3.2,0.1,21.7,41.8,314.2,1.4,2.8,218,1005.9,1005.9,23.6,52,35,23,20.3,3.06,5.3,1.5,1.5,1.48
168,18.8,18.8,13.6,72,23.7,48,240.6,2,0.6,0.2,3.3,0.2,21.8,41.9,314.3,0.8,2.8,197,1005.8,1005.8,23.6,53,35,23,20.3,3.06,5.3,1.5,1.5,1.48
169,18.8,18.8,13.6,72,23.7,48,219.7,2,0.6,0.2,3.3,0.2,21.8,41.9,314.3,1.1,3.8,220,1005.8,1005.8,23.6,53,35,23,20.3,3.06,5.3,1.5,1.5,1.48
170,18.8,18.8,13.6,72,23.7,48,209.8,1,0.6,0.2,3.3,0.2,21.8,41.9,314.3,1.2,3.9,206,1005.7,1005.7,23.6,53,35,23,20.4,3.06,5.3,1.5,1.5,1.48
171,18.7,18.7,13.7,72,23.7,49,210.3,1,0.0,0.2,3.3,0.2,21.8,41.9,314.3,0.9,2.9,215,1005.6,1005.6,23.6,53,35,23,20.3,3.06,5.3,1.5,1.5,1.48
172,18.9,18.9,13.8,73,23.7,50,242.8,2,0.6,0.3,3.4,0.3,21.9,42.0,314.4,0.5,3.3,159,1005.7,1005.7,23.5,53,35,23,20.4,3.06,5.3,1.5,1.5,1.48
173,19.0,19.0,14.1,73,23.7,51,233.6,2,0.6,0.3,3.4,0.3,21.9,42.0,314.4,0.9,3.3,226,1005.6,1005.6,23.5,53,35,23,20.4,3.06,5.3,1.5,1.5,1.48
174,19.1,19.1,14.1,73,23.6,51,236.7,2,0.6,0.3,3.4,0.3,21.9,42.0,314.4,0.4,1.5,245,1005.6,1005.6,23.5,53,35,23,20.4,3.06,5.3,1.5,1.5,1.48
175,19.0,19.0,13.9,72,23.6,51,252.2,2,0.0,0.3,3.4,0.3,21.9,42.0,314.4,1.7,3.8,225,1005.6,1005.6,23.6,53,35,23,20.4,3.06,5.3,1.5,1.5,1.48
176,19.0,19.0,13.8,72,23.6,51,235.6,2,0.0,0.3,3.4,0.3,21.9,42.0,314.4,1.0,2.9,199,1005.5,1005.5,23.6,54,35,23,20.4,3.06,5.3,1.5,1.5,1.48
177,19.1,19.1,13.8,71,23.6,51,235.7,2,0.0,0.3,3.4,0.3,21.9,42.0,314.4,1.2,3.9,202,1005.4,1005.4,23.6,54,35,23,20.5,3.06,5.3,1.5,1.5,1.48
178,18.9,18.9,13.8,72,23.6,51,253.2,2,0.0,0.3,3.4,0.2,21.9,42.0,314.4,1.3,4.4,217,1005.3,1005.3,23.6,54,35,23,20.4,3.06,5.3,1.5,1.5,1.48
179,18.8,18.8,13.8,73,23.6,52,292.7,2,0.0,0.3,3.4,0.2,21.9,42.0,314.4,1.6,5.4,219,1005.2,1005.2,23.7,54,35,23,20.5,3.06,5.3,1.5,1.5,1.48
180,18.8,18.8,13.5,71,23.5,52,309.5,2,0.6,0.4,3.5,0.2,22.0,42.1,314.5,1.8,5.7,209,1005.2,1005.2,23.7,54,35,23,20.5,3.06,5.3,1.5,1.5,1.48
181,19.2,19.2,13.9,71,23.5,52,295.9,2,0.6,0.4,3.5,0.2,22.0,42.1,314.5,0.7,3.4,196,1005.2,1005.2,23.7,54,35,23,20.5,3.06,5.3,1.5,1.5,1.48
182,19.3,19.3,14.0,71,23.6,52,256.8,2,0.0,0.4,3.5,0.2,22.0,42.1,314.5,0.9,2.1,191,1005.2,1005.2,23.7,54,35,23,20.4,3.06,5.3,1.5,1.5,1.48
183,19.4,19.4,13.9,70,23.6,52,196.0,1,0.0,0.4,3.5,0.2,22.0,42.1,314.5,1.7,4.0,226,1005.4,1005.4,23.7,54,35,23,20.5,3.06,5.3,1.5,1.5,1.48
184,19.2,19.2,14.0,72,23.6,52,181.0,1,0.0,0.4,3.5,0.1,22.0,42.1,314.5,1.8,3.8,217,1005.2,1005.2,23.8,54,35,23,20.5,3.06,5.3,1.5,1.5,1.48
185,18.6,18.6,13.7,73,23.6,52,178.1,1,0.0,0.4,3.5,0.1,22.0,42.1,314.5,2.0,4.7,207,1005.3,1005.3,23.8,53,35,23,20.5,3.06,5.3,1.5,1.5,1.48
186,18.4,18.4,13.2,72,23.6,52,175.4,1,0.0,0.4,3.5,0.1,22.0,42.1,314.5,1.2,4.5,231,1005.3,1005.3,23.9,53,35,23,20.6,3.06,5.3,1.5,1.5,1.48
187,18.3,18.3,13.1,71,23.5,52,120.7,1,0.0,0.4,3.5,0.1,22.0,42.1,314.5,1.4,4.0,229,1005.2,1005.2,23.9,53,35,23,20.5,3.06,5.3,1.5,1.5,1.48
188,18.1,18.1,13.1,72,23.5,51,122.3,1,0.0,0.4,3.5,0.1,22.0,42.1,314.5,2.0,4.0,204,1005.2,1005.2,23.9,53,36,23,20.5,3.06,5.3,1.5,1.5,1.48
189,18.1,18.1,13.0,72,23.5,51,157.2,1,0.0,0.4,3.5,0.1,22.0,42.1,314.5,0.6,3.5,231,1005.1,1005.1,23.8,53,36,23,20.5,3.06,5.3,1.5,1.5,1.48
190,18.3,18.3,13.1,72,23.5,51,197.4,1,0.0,0.4,3.5,0.1,22.0,42.1,314.5,0.7,1.7,221,1004.9,1004.9,23.8,52,36,23,20.5,3.06,5.3,1.5,1.5,1.48
191,18.5,18.5,13.2,71,23.5,51,231.0,2,0.0,0.4,3.5,0.0,22.0,42.1,314.5,0.5,2.3,236,1004.9,1004.9,23.8,53,36,23,20.6,3.06,5.3,1.5,1.5,1.48
192,18.7,18.7,13.3,71,23.6,51,217.6,2,0.0,0.4,3.5,0.0,22.0,42.1,314.5,0.9,2.7,252,1004.8,1004.8,23.8,53,36,23,20.6,3.06,5.3,1.5,1.5,1.48
193,18.6,18.6,13.1,70,23.6,51,189.2,1,0.0,0.4,3.5,0.0,22.0,42.1,314.5,0.9,3.0,201,1004.8,1004.8,23.8,52,36,23,20.6,3.06,5.3,1.5,1.5,1.48
194,18.5,18.5,13.0,70,23.6,51,148.7,1,0.0,0.4,3.5,0.0,22.0,42.1,314.5,1.2,3.0,227,1004.7,1004.7,23.8,52,36,23,20.6,3.06,5.3,1.5,1.5,1.48
195,18.5,18.5,13.0,70,23.6,51,182.4,1,0.0,0.4,3.5,0.0,22.0,42.1,314.5,0.9,2.7,197,1004.7,1004.7,23.8,52,36,23,20.6,3.06,5.3,1.5,1.5,1.48
196,18.6,18.6,12.9,69,23.6,51,188.9,1,0.0,0.4,3.5,0.0,22.0,42.1,314.5,1.5,3.9,218,1004.7,1004.7,23.8,52,36,23,20.6,3.06,5.3,1.5,1.5,1.48
197,18.5,18.5,12.9,70,23.6,51,103.4,0,0.0,0.4,3.5,0.0,22.0,42.1,314.5,1.6,5.2,241,1004.6,1004.6,23.8,52,36,23,20.6,3.06,5.3,1.5,1.5,1.48
198,18.6,18.6,13.1,70,23.6,51,131.2,1,0.0,0.4,3.5,0.0,22.0,42.1,314.5,0.7,2.3,196,1004.7,1004.7,23.8,52,36,23,20.6,3.06,5.3,1.5,1.5,1.48
199,18.7,18.7,13.2,70,23.5,51,127.1,1,0.0,0.4,3.5,0.0,22.0,42.1,314.5,0.9,3.9,234,1004.7,1004.7,23.8,52,36,23,20.7,3.06,5.3,1.5,1.5,1.48
200,18.2,18.2,13.7,75,23.5,51,126.4,1,0.0,0.4,3.5,0.0,22.0,42.1,314.5,1.8,6.2,207,1004.7,1004.7,23.8,52,36,23,20.6,3.06,5.3,1.5,1.5,1.48
201,17.7,17.7,14.1,79,23.5,52,212.0,1,0.0,0.4,3.5,0.0,22.0,42.1,314.5,0.9,4.4,219,1004.6,1004.6,23.8,52,36,23,20.6,3.06,5.3,1.5,1.5,1.48
202,17.5,17.5,14.3,81,23.3,53,215.6,2,0.0,0.4,0.0,0.0,22.0,42.1,314.5,0.6,3.6,189,1004.5,1004.5,23.7,53,36,23,20.6,3.06,5.3,1.5,1.5,1.48
203,17.6,17.6,14.0,79,23.2,54,249.6,2,0.6,0.5,0.1,0.1,22.1,42.2,314.6,1.1,3.8,212,1004.3,1004.3,23.7,53,36,23,20.6,3.06,5.3,1.5,1.5,1.48
204,17.7,17.7,13.8,78,23.2,54,271.7,2,0.6,0.5,0.1,0.1,22.1,42.2,314.6,1.2,3.1,192,1004.3,1004.3,23.7,53,36,23,20.6,3.06,5.3,1.5,1.5,1.48
205,18.0,18.0,13.8,76,23.2,54,254.0,2,0.6,0.5,0.1,0.1,22.1,42.2,314.6,0.7,2.2,238,1004.1,1004.1,23.7,53,36,23,20.6,3.06,5.3,1.5,1.5,1.48
206,18.1,18.1,13.8,76,23.3,54,158.6,1,0.6,0.6,0.2,0.2,22.2,42.3,314.7,1.6,4.0,211,1004.1,1004.1,23.7,53,36,23,20.6,3.06,5.3,1.5,1.5,1.48
207,17.7,17.7,13.5,76,23.2,54,136.7,1,0.6,0.6,0.2,0.2,22.2,42.3,314.7,1.3,3.3,217,1003.9,1003.9,23.7,54,36,23,20.7,3.06,5.3,1.5,1.5,1.48
208,17.7,17.7,13.7,77,23.3,54,136.1,1,0.6,0.6,0.2,0.2,22.2,42.3,314.7,0.4,2.0,214,1003.8,1003.8,23.7,53,36,23,20.6,3.06,5.3,1.5,1.5,1.48
209,17.8,17.8,13.7,77,23.3,53,103.5,0,0.0,0.6,0.2,0.2,22.2,42.3,314.7,0.5,1.6,219,1003.8,1003.8,23.7,54,36,23,20.7,3.06,5.3,1.5,1.5,1.48
210,17.8,17.8,13.7,77,23.3,53,102.4,0,0.0,0.6,0.2,0.2,22.2,42.3,314.7,0.1,1.6,200,1003.7,1003.7,23.7,54,36,23,20.7,3.06,5.3,1.5,1.5,1.48
211,17.8,17.8,13.6,76,23.4,53,81.1,0,0.0,0.6,0.2,0.2,22.2,42.3,314.7,1.0,2.8,215,1003.5,1003.5,23.7,54,36,23,20.6,3.06,5.3,1.5,1.5,1.48
212,17.8,17.8,13.7,77,23.4,53,48.8,0,0.0,0.6,0.2,0.2,22.2,42.3,314.7,0.6,2.8,225,1003.5,1003.5,23.7,54,36,23,20.7,3.06,5.3,1.5,1.5,1.48
213,17.8,17.8,13.7,77,23.4,53,39.6,0,0.0,0.6,0.2,0.2,22.2,42.3,314.7,0.9,3.0,96,1003.5,1003.5,23.7,54,36,23,20.6,3.06,5.3,1.5,1.5,1.48
214,17.7,17.7,13.8,78,23.4,52,40.0,0,1.2,0.8,0.4,0.3,22.4,42.5,314.9,2.0,4.9,218,1003.5,1003.5,23.7,54,36,23,20.6,3.06,5.3,1.5,1.5,1.48
215,17.4,17.4,13.9,80,23.5,52,52.5,0,1.2,0.8,0.4,0.3,22.4,42.5,314.9,1.9,4.1,184,1003.5,1003.5,23.7,54,36,23,20.7,3.06,5.3,1.5,1.5,1.48
216,17.0,17.0,14.1,83,23.5,52,50.1,0,1.2,0.8,0.4,0.3,22.4,42.5,314.9,1.3,3.3,201,1003.6,1003.6,23.7,54,36,23,20.7,3.06,5.2,1.5,1.5,1.48
217,16.7,16.7,14.4,86,23.5,52,32.0,0,0.0,0.8,0.4,0.2,22.4,42.5,314.9,1.8,2.9,216,1003.5,1003.5,23.7,54,36,23,20.6,3.06,5.2,1.5,1.5,1.48
218,16.3,16.3,14.6,89,23.5,52,29.6,0,0.0,0.8,0.4,0.2,22.4,42.5,314.9,1.3,4.0,193,1003.5,1003.5,23.6,55,36,23,20.7,3.06,5.2,1.5,1.5,1.48
219,16.2,16.2,14.7,91,23.5,52,69.3,0,0.0,0.8,0.4,0.2,22.4,42.5,314.9,0.8,2.6,207,1003.5,1003.5,23.6,55,36,23,20.6,3.06,5.2,1.5,1.5,1.48
220,16.1,16.1,14.9,92,23.5,52,72.8,0,0.0,0.8,0.4,0.2,22.4,42.5,314.9,1.2,3.6,173,1003.3,1003.3,23.5,56,35,23,20.7,3.06,5.2,1.5,1.5,1.48
221,16.1,16.1,14.8,92,23.5,52,62.0,0,0.6,0.9,0.5,0.3,22.5,42.6,315.0,0.7,3.6,41,1003.3,1003.3,23.5,56,36,23,20.7,3.06,5.2,1.5,1.5,1.48
222,16.1,16.1,15.0,93,23.5,52,63.1,0,0.6,0.9,0.5,0.3,22.5,42.6,315.0,0.8,1.9,156,1003.2,1003.2,23.5,56,35,23,20.6,3.06,5.2,1.5,1.5,1.48
223,16.1,16.1,15.0,93,23.5,52,52.6,0,0.6,0.9,0.5,0.3,22.5,42.6,315.0,0.8,1.5,30,1003.2,1003.2,23.5,56,35,23,20.6,3.06,5.2,1.5,1.5,1.48
224,16.0,16.0,15.1,94,23.5,52,40.1,0,0.0,0.9,0.5,0.3,22.5,42.6,315.0,0.6,2.2,222,1003.2,1003.2,23.5,56,36,23,20.6,3.06,5.2,1.5,1.5,1.48
225,15.9,15.9,15.0,94,23.5,52,21.1,0,0.0,0.9,0.5,0.1,22.5,42.6,315.0,0.4,2.2,252,1003.2,1003.2,23.5,57,35,23,20.6,3.06,5.2,1.5,1.5,1.48
226,15.8,15.8,15.1,95,23.5,52,40.9,0,0.0,0.9,0.5,0.1,22.5,42.6,315.0,1.0,2.0,96,1003.1,1003.1,23.5,57,35,23,20.6,3.06,5.2,1.5,1.5,1.48
227,15.8,15.8,15.1,95,23.5,52,35.4,0,0.0,0.9,0.5,0.1,22.5,42.6,315.0,0.6,1.8,4,1003.0,1003.0,23.5,57,36,23,20.6,3.06,5.2,1.5,1.5,1.48
228,15.8,15.8,15.1,95,23.5,52,38.8,0,0.0,0.9,0.5,0.1,22.5,42.6,315.0,1.1,2.7,95,1002.9,1002.9,23.4,58,36,23,20.5,3.06,5.2,1.5,1.5,1.48
229,15.8,15.8,15.1,96,23.5,52,41.0,0,0.0,0.9,0.5,0.1,22.5,42.6,315.0,0.9,1.6,144,1002.9,1002.9,23.3,58,36,23,20.5,3.06,5.2,1.5,1.5,1.48
230,15.8,15.8,15.2,96,23.5,52,17.3,0,0.0,0.9,0.5,0.1,22.5,42.6,315.0,1.0,2.4,152,1002.9,1002.9,23.3,58,36,23,20.5,3.06,5.2,1.5,1.5,1.48
231,15.7,15.7,15.1,96,23.5,51,11.2,0,0.0,0.9,0.5,0.1,22.5,42.6,315.0,0.9,2.4,234,1003.0,1003.0,23.2,58,36,23,20.5,3.06,5.2,1.5,1.5,1.48
232,15.6,15.6,15.0,96,23.5,51,11.1,0,0.0,0.9,0.5,0.1,22.5,42.6,315.0,1.0,2.4,231,1003.0,1003.0,23.2,58,36,23,20.5,3.06,5.2,1.5,1.5,1.48
233,15.6,15.6,15.0,96,23.5,51,9.6,0,0.0,0.9,0.5,0.0,22.5,42.6,315.0,0.6,2.1,109,1003.0,1003.0,23.1,59,36,23,20.5,3.06,5.2,1.5,1.5,1.48
234,15.6,15.6,15.0,96,23.5,51,10.8,0,0.6,1.0,0.6,0.1,22.6,42.7,315.1,0.4,2.3,166,1002.8,1002.8,23.1,59,36,23,20.5,3.06,5.1,1.5,1.5,1.48
235,15.5,15.5,14.9,96,23.5,51,10.1,0,0.6,1.0,0.6,0.1,22.6,42.7,315.1,0.5,1.5,112,1002.7,1002.7,23.0,59,36,23,20.4,3.06,5.1,1.5,1.5,1.48
236,15.5,15.5,14.9,96,23.5,51,10.4,0,0.6,1.1,0.7,0.2,22.7,42.8,315.2,0.5,2.1,65,1002.6,1002.6,23.0,59,36,23,20.5,3.06,5.1,1.5,1.5,1.48
237,15.5,15.5,15.0,97,23.5,51,12.6,0,1.2,1.2,0.8,0.3,22.8,42.9,315.3,0.6,1.8,115,1002.6,1002.6,23.0,59,36,23,20.3,3.06,5.1,1.5,1.5,1.48
238,15.5,15.5,15.0,97,23.5,51,11.2,0,1.8,1.3,0.9,0.4,22.9,43.0,315.4,0.8,1.9,173,1002.6,1002.6,22.9,59,36,23,20.4,3.06,5.1,1.5,1.5,1.48
239,15.5,15.5,15.0,97,23.5,51,6.6,0,2.4,1.5,1.1,0.6,23.1,43.2,315.6,0.3,1.8,123,1002.6,1002.6,22.9,59,36,23,20.3,3.06,5.1,1.5,1.5,1.48
240,15.5,15.5,15.0,97,23.5,51,6.7,0,1.8,1.6,1.2,0.7,23.2,43.3,315.7,0.9,2.5,89,1002.6,1002.6,22.9,59,36,23,20.3,3.06,5.0,1.5,1.5,1.48
241,15.5,15.5,15.0,97,23.5,51,8.1,0,0.6,1.6,1.2,0.7,23.2,43.3,315.7,0.9,3.1,191,1002.6,1002.6,22.8,59,36,23,20.3,3.06,5.0,1.5,1.5,1.48
242,15.5,15.5,15.0,97,23.5,51,10.9,0,0.6,1.7,1.3,0.8,23.3,43.4,315.8,0.8,3.1,94,1002.5,1002.5,22.8,60,36,23,20.3,3.06,5.0,1.5,1.5,1.48
243,15.5,15.5,15.0,97,23.5,51,10.0,0,1.2,1.8,1.4,0.9,23.4,43.5,315.9,1.1,3.0,92,1002.5,1002.5,22.8,60,36,23,20.3,3.06,5.0,1.5,1.5,1.48
244,15.5,15.5,15.0,97,23.5,51,4.5,0,0.6,1.8,1.4,0.9,23.4,43.5,315.9,0.6,2.2,106,1002.5,1002.5,22.8,60,36,23,20.2,3.06,5.0,1.5,1.5,1.48
245,15.5,15.5,15.0,97,23.5,51,4.2,0,0.6,1.9,1.5,0.9,23.5,43.6,316.0,0.6,2.7,194,1002.4,1002.4,22.7,60,36,24,20.2,3.06,5.0,1.5,1.5,1.48
246,15.5,15.5,15.0,97,23.5,51,3.7,0,1.2,2.0,1.6,1.0,23.6,43.7,316.1,0.7,2.2,237,1002.4,1002.4,22.7,60,36,24,20.2,3.06,4.9,1.5,1.5,1.48
247,15.5,15.5,15.0,97,23.5,51,2.2,0,1.2,2.0,1.6,0.9,23.6,43.7,316.1,0.3,2.0,209,1002.4,1002.4,22.7,60,36,24,20.2,3.06,4.9,1.5,1.5,1.48
248,15.6,15.6,15.1,97,23.5,51,1.8,0,1.2,2.1,1.7,0.9,23.7,43.8,316.2,0.7,2.5,172,1002.4,1002.4,22.7,60,36,24,20.2,3.06,4.9,1.5,1.5,1.48
249,15.6,15.6,15.1,97,23.5,51,3.2,0,0.6,2.1,1.7,0.8,23.7,43.8,316.2,0.4,1.6,334,1002.3,1002.3,22.7,60,36,24,20.1,3.06,4.9,1.5,1.5,1.48
250,15.6,15.6,15.1,97,23.5,51,3.2,0,1.2,2.3,1.9,0.8,23.9,44.0,316.4,1.1,2.2,173,1002.2,1002.2,22.7,60,36,24,20.0,3.06,4.8,1.5,1.5,1.48
251,15.6,15.6,15.1,97,23.5,51,1.3,0,1.2,2.3,1.9,0.7,23.9,44.0,316.4,0.7,3.9,183,1002.3,1002.3,22.7,60,36,24,20.1,3.06,4.8,1.5,1.5,1.48
252,15.7,15.7,15.2,97,23.5,51,0.8,0,1.2,2.3,1.9,0.7,23.9,44.0,316.4,0.6,1.5,165,1002.4,1002.4,22.6,60,36,24,20.0,3.06,4.8,1.5,1.5,1.48
253,15.7,15.7,15.2,97,23.5,51,0.6,0,0.0,2.3,1.9,0.6,23.9,44.0,316.4,0.5,1.5,77,1002.4,1002.4,22.6,60,36,24,20.0,3.06,4.8,1.5,1.5,1.48
254,15.7,15.7,15.2,97,23.5,51,0.4,0,0.0,2.3,1.9,0.5,23.9,44.0,316.4,0.2,1.6,80,1002.2,1002.2,22.6,60,36,24,20.1,3.06,4.8,1.5,1.5,1.48
255,15.7,15.7,15.2,97,23.5,51,0.2,0,0.0,2.3,1.9,0.5,23.9,44.0,316.4,0.8,2.1,64,1002.3,1002.3,22.6,60,36,24,20.0,3.06,4.8,1.5,1.5,1.48
256,15.8,15.8,15.3,97,23.5,51,0.2,0,0.0,2.3,1.9,0.4,23.9,44.0,316.4,0.2,2.1,343,1002.2,1002.2,22.6,60,36,24,20.0,3.06,4.8,1.5,1.5,1.48
257,15.8,15.8,15.3,97,23.5,51,0.1,0,0.0,2.3,1.9,0.4,23.9,44.0,316.4,0.3,1.0,162,1002.3,1002.3,22.6,60,36,24,19.9,3.06,4.8,1.5,1.5,1.48
258,15.8,15.8,15.3,97,23.5,51,0.0,0,0.0,2.3,1.9,0.3,23.9,44.0,316.4,0.5,1.2,209,1002.3,1002.3,22.6,60,36,24,19.9,3.06,4.8,1.5,1.5,1.48
259,15.8,15.8,15.3,97,23.5,51,0.0,0,0.0,2.3,1.9,0.2,23.9,44.0,316.4,0.5,1.3,181,1002.3,1002.3,22.6,60,36,24,19.9,3.06,4.8,1.5,1.5,1.48
260,15.9,15.9,15.4,97,23.5,51,0.0,0,0.0,2.3,1.9,0.2,23.9,44.0,316.4,0.5,1.3,97,1002.3,1002.3,22.6,60,36,24,19.8,3.06,4.8,1.5,1.5,1.48
261,15.9,15.9,15.4,97,23.5,51,0.0,0,0.0,2.3,1.9,0.0,23.9,44.0,316.4,0.7,1.8,222,1002.1,1002.1,22.6,60,36,24,19.8,3.06,4.8,1.5,1.5,1.48
262,15.9,15.9,15.4,97,23.5,51,0.0,0,0.0,2.3,1.9,0.0,23.9,44.0,316.4,0.8,2.1,185,1002.2,1002.2,22.6,60,36,24,19.9,3.06,4.8,1.5,1.5,1.48
263,15.9,15.9,15.4,97,23.5,51,0.0,0,0.0,2.3,1.9,0.0,23.9,44.0,316.4,0.1,1.5,140,1002.1,1002.1,22.6,60,36,24,19.8,3.06,4.8,1.5,1.5,1.48
264,15.9,15.9,15.4,97,23.5,51,0.0,0,0.0,2.3,1.9,0.0,23.9,44.0,316.4,0.4,1.6,249,1002.0,1002.0,22.6,60,36,24,19.8,3.06,4.7,1.5,1.5,1.48
265,15.9,15.9,15.4,97,23.5,51,0.0,0,0.0,2.3,1.9,0.0,23.9,44.0,316.4,0.0,1.3,309,1002.0,1002.0,22.6,61,36,24,19.8,3.06,4.7,1.5,1.5,1.48
266,15.9,15.9,15.4,97,23.5,51,0.0,0,0.0,2.3,1.9,0.0,23.9,44.0,316.4,0.6,1.6,73,1001.8,1001.8,22.6,60,36,24,19.7,3.06,4.7,1.5,1.5,1.48
267,15.9,15.9,15.4,97,23.5,51,0.0,0,0.0,2.3,1.9,0.0,23.9,44.0,316.4,0.4,1.6,66,1001.9,1001.9,22.6,61,36,24,19.7,3.06,4.7,1.5,1.5,1.48
268,15.9,15.9,15.4,97,23.5,51,0.0,0,0.0,2.3,1.9,0.0,23.9,44.0,316.4,0.6,1.7,156,1001.8,1001.8,22.6,61,36,24,19.7,3.06,4.7,1.5,1.5,1.48
269,15.9,15.9,15.5,98,23.5,51,0.0,0,0.0,2.3,1.9,0.0,23.9,44.0,316.4,0.4,1.3,298,1001.9,1001.9,22.6,61,36,24,19.7,3.06,4.7,1.5,1.5,1.48
270,15.9,15.9,15.6,98,23.5,51,0.0,0,0.0,2.3,1.9,0.0,23.9,44.0,316.4,0.7,2.2,101,1001.8,1001.8,22.6,61,36,24,19.7,3.06,4.7,1.5,1.5,1.48
271,15.9,15.9,15.6,98,23.5,51,0.0,0,0.0,2.3,1.9,0.0,23.9,44.0,316.4,0.6,1.8,79,1001.8,1001.8,22.6,61,36,24,19.6,3.06,4.7,1.5,1.5,1.48
272,16.0,16.0,15.7,98,23.5,51,0.0,0,0.0,2.3,1.9,0.0,23.9,44.0,316.4,0.5,1.6,9,1001.7,1001.7,22.5,61,36,25,19.6,3.06,4.7,1.5,1.5,1.48
273,16.0,16.0,15.7,98,23.5,51,0.0,0,0.0,2.3,1.9,0.0,23.9,44.0,316.4,0.5,1.6,132,1001.8,1001.8,22.5,61,36,25,19.5,3.06,4.7,1.5,1.5,1.48
274,16.0,16.0,15.7,98,23.5,51,0.0,0,0.0,2.3,1.9,0.0,23.9,44.0,316.4,0.3,1.4,145,1001.6,1001.6,22.6,61,36,25,19.5,3.06,4.7,1.5,1.5,1.48
275,16.0,16.0,15.5,97,23.5,51,0.0,0,0.0,2.3,1.9,0.0,23.9,44.0,316.4,0.9,1.9,172,1001.6,1001.6,22.5,61,36,25,19.5,3.06,4.7,1.5,1.5,1.48
276,16.1,16.1,15.6,97,23.5,51,0.0,0,0.6,2.4,2.0,0.1,24.0,44.1,316.5,0.4,1.5,192,1001.6,1001.6,22.5,61,36,25,19.5,3.06,4.7,1.5,1.5,1.48
277,16.1,16.1,15.6,97,23.5,51,0.0,0,0.6,2.4,2.0,0.1,24.0,44.1,316.5,0.3,1.4,290,1001.4,1001.4,22.5,61,36,25,19.4,3.06,4.7,1.5,1.5,1.48
278,16.2,16.2,15.7,97,23.5,51,0.0,0,0.0,2.4,2.0,0.1,24.0,44.1,316.5,0.6,1.5,223,1001.5,1001.5,22.5,61,36,25,19.5,3.06,4.7,1.5,1.5,1.48
279,16.2,16.2,15.7,97,23.5,51,0.0,0,0.6,2.5,2.1,0.2,24.1,44.2,316.6,0.3,1.5,252,1001.4,1001.4,22.5,62,36,25,19.4,3.06,4.7,1.5,1.5,1.48
280,16.2,16.2,15.7,97,23.5,51,0.0,0,0.6,2.5,2.1,0.2,24.1,44.2,316.6,0.9,2.1,212,1001.5,1001.5,22.4,62,36,25,19.4,3.06,4.6,1.5,1.5,1.48
281,16.2,16.2,15.7,97,23.5,51,0.0,0,0.0,2.5,2.1,0.2,24.1,44.2,316.6,0.4,2.1,97,1001.5,1001.5,22.4,62,36,25,19.4,3.06,4.6,1.5,1.5,1.48
282,16.2,16.2,15.7,97,23.5,51,0.0,0,0.0,2.5,2.1,0.2,24.1,44.2,316.6,0.6,2.7,215,1001.5,1001.5,22.4,62,36,25,19.3,3.06,4.6,1.5,1.5,1.48
283,16.3,16.3,15.8,97,23.5,51,0.0,0,0.0,2.5,2.1,0.2,24.1,44.2,316.6,0.3,2.1,141,1001.5,1001.5,22.4,62,36,25,19.4,3.06,4.6,1.5,1.5,1.48
284,16.3,16.3,15.8,97,23.5,51,0.0,0,0.0,2.5,2.1,0.2,24.1,44.2,316.6,0.8,2.1,192,1001.3,1001.3,22.4,62,36,25,19.4,3.06,4.6,1.5,1.5,1.48
285,16.3,16.3,15.8,97,23.5,51,0.0,0,0.0,2.5,2.1,0.2,24.1,44.2,316.6,0.7,1.3,355,1001.3,1001.3,22.4,62,36,25,19.4,3.06,4.6,1.5,1.5,1.48
286,16.3,16.3,15.8,97,23.4,51,0.0,0,0.0,2.5,2.1,0.2,24.1,44.2,316.6,1.1,2.7,190,1001.2,1001.2,22.4,62,36,25,19.3,3.06,4.6,1.5,1.5,1.48
287,16.3,16.3,15.8,97,23.5,51,0.0,0,0.0,2.5,2.1,0.1,24.1,44.2,316.6,0.7,2.4,190,1001.3,1001.3,22.4,62,36,25,19.4,3.06,4.6,1.5,1.5,1.48
