index,Solar,UVI,Rain_Rate,Daily,Event,Hourly,Weekly,Monthly,Yearly,Wind_Speed,Wind_Gust,Wind_Direction,Relative,Relative_Low,Relative_High,Absolute,Temperature,Temperature_Low,Temperature_High,Humidity,Soilmoisture,Soilmoisture.1,Temperature.1,Temperature_Low.1,Temperature_High.1,Haptic_Array1,Haptic_Array2,Haptic_Array3,Haptic_Array4,Soilmoisture_Sensor_CH1,Soilmoisture_Sensor_CH2,Temperature_Sensor_CH1
0,0.0,0,0.0,0.0,16.9,0.0,60.9,81.0,353.4,0.4,1.4,230,1005.4,1005.2,1005.6,1005.4,24.0,23.9,24.0,63,38,41,21.8,21.7,22.0,3.06,5.0,3.06,5.0,1.5,1.5,1.48
1,0.0,0,0.0,0.0,16.9,0.0,60.9,81.0,353.4,0.2,1.5,237,1005.4,1005.2,1005.6,1005.4,23.9,23.9,24.0,63,38,41,21.8,21.7,21.9,3.06,5.0,3.06,5.0,1.5,1.5,1.48
2,0.0,0,0.0,0.0,16.9,0.0,60.9,81.0,353.4,0.3,1.3,252,1005.6,1005.4,1005.9,1005.6,23.9,23.9,23.9,63,38,41,21.7,21.6,21.8,3.06,5.0,3.06,5.0,1.5,1.5,1.48
3,0.0,0,0.0,0.0,16.9,0.0,60.9,81.0,353.4,0.1,1.2,242,1005.8,1005.6,1006.1,1005.8,23.9,23.9,23.9,63,38,41,21.6,21.4,21.7,3.06,4.9,3.06,4.9,1.5,1.5,1.48
4,0.0,0,0.0,0.0,16.9,0.0,60.9,81.0,353.4,0.2,1.3,268,1005.9,1005.7,1006.1,1005.9,23.9,23.9,23.9,63,38,41,21.5,21.3,21.6,3.06,4.9,3.06,4.9,1.5,1.5,1.48
5,0.0,0,0.0,0.0,16.9,0.0,60.9,81.0,353.4,0.1,1.1,284,1005.7,1005.3,1006.0,1005.7,23.9,23.9,23.9,62,38,41,21.3,21.2,21.5,3.06,4.9,3.06,4.9,1.5,1.5,1.48
6,0.0,0,0.0,0.0,16.9,0.0,60.9,81.0,353.4,0.1,0.7,286,1005.6,1005.3,1005.9,1005.6,23.9,23.8,23.9,62,38,41,21.3,21.1,21.4,3.06,4.8,3.06,4.8,1.5,1.5,1.48
7,0.0,0,0.0,0.0,16.9,0.0,60.9,81.0,353.4,0.0,0.7,301,1005.9,1005.5,1006.1,1005.9,23.8,23.8,23.9,62,38,41,21.2,21.1,21.3,3.06,4.8,3.06,4.8,1.5,1.5,1.48
8,0.0,0,0.0,0.0,16.9,0.0,60.9,81.0,353.4,0.0,0.7,1,1006.0,1005.7,1006.2,1006.0,23.8,23.8,23.8,62,38,41,21.0,20.9,21.1,3.06,4.8,3.06,4.8,1.5,1.5,1.48
9,0.2,0,0.0,0.0,16.9,0.0,60.9,81.0,353.4,0.0,0.6,349,1006.1,1005.9,1006.3,1006.1,23.8,23.8,23.8,62,38,40,20.9,20.7,21.0,3.06,4.7,3.06,4.7,1.5,1.5,1.48
10,4.2,0,0.0,0.0,16.9,0.0,60.9,81.0,353.4,0.0,0.6,5,1006.2,1005.9,1006.4,1006.2,23.8,23.7,23.8,62,38,40,20.8,20.6,20.9,3.06,4.7,3.06,4.7,1.5,1.5,1.48
11,18.2,0,0.0,0.0,16.9,0.0,60.9,81.0,353.4,0.0,1.0,234,1006.3,1006.2,1006.5,1006.3,23.7,23.7,23.7,62,38,40,20.6,20.5,20.7,3.06,4.7,3.06,4.7,1.5,1.5,1.48
12,33.0,0,0.0,0.0,16.9,0.0,60.9,81.0,353.4,0.2,1.1,224,1006.4,1006.2,1006.7,1006.4,23.7,23.7,23.7,61,38,40,20.4,20.3,20.6,3.06,4.7,3.06,4.7,1.5,1.5,1.48
13,78.5,0,0.0,0.0,16.9,0.0,60.9,81.0,353.4,0.4,1.7,232,1006.6,1006.3,1006.8,1006.6,23.7,23.7,23.7,61,38,40,20.3,20.2,20.5,3.06,4.7,3.06,4.7,1.5,1.5,1.48
14,150.1,1,0.0,0.0,16.9,0.0,60.9,81.0,353.4,0.1,1.4,230,1006.6,1006.4,1006.8,1006.6,23.7,23.7,23.8,61,38,40,20.3,20.2,20.4,3.06,4.8,3.06,4.8,1.5,1.5,1.48
15,103.4,0,0.0,0.0,16.9,0.0,60.9,81.0,353.4,0.5,2.3,220,1006.6,1006.5,1006.7,1006.6,23.8,23.7,23.8,61,38,40,20.2,20.1,20.3,3.06,4.9,3.06,4.9,1.5,1.5,1.48
16,212.9,1,0.0,0.0,16.9,0.0,60.9,81.0,353.4,0.4,1.7,253,1006.7,1006.5,1006.8,1006.7,23.8,23.8,23.9,61,37,40,20.2,20.1,20.4,3.06,5.0,3.06,5.0,1.5,1.5,1.48
17,344.2,3,0.0,0.0,16.9,0.0,60.9,81.0,353.4,0.6,2.8,232,1006.7,1006.4,1006.9,1006.7,23.9,23.8,23.9,61,37,40,20.3,20.2,20.4,3.06,5.2,3.06,5.2,1.5,1.5,1.48
18,446.2,4,0.0,0.0,16.9,0.0,60.9,81.0,353.4,1.0,2.7,241,1006.7,1006.6,1007.1,1006.7,23.9,23.9,24.0,61,37,40,20.5,20.3,20.6,3.06,5.3,3.06,5.3,1.5,1.5,1.48
19,576.2,5,0.0,0.0,16.9,0.0,60.9,81.0,353.4,0.8,2.8,242,1006.6,1006.5,1006.8,1006.6,24.1,24.0,24.2,60,37,39,20.8,20.5,21.0,3.06,5.3,3.06,5.3,1.5,1.5,1.48
20,661.5,6,0.0,0.0,16.9,0.0,60.9,81.0,353.4,0.9,2.8,239,1006.7,1006.4,1006.9,1006.7,24.2,24.2,24.3,60,39,39,21.2,21.0,21.5,3.04,5.3,3.04,5.3,1.5,1.5,1.48
21,766.1,7,0.0,0.0,16.9,0.0,60.9,81.0,353.4,1.1,3.5,240,1006.8,1006.6,1007.0,1006.8,24.3,24.2,24.3,60,41,39,21.7,21.5,21.9,3.06,5.3,3.06,5.3,1.5,1.5,1.48
22,807.7,7,0.0,0.0,16.9,0.0,60.9,81.0,353.4,0.9,3.1,238,1006.8,1006.7,1007.1,1006.8,24.3,24.3,24.4,60,41,39,22.1,21.9,22.3,3.04,5.3,3.04,5.3,1.5,1.5,1.48
23,804.2,7,0.0,0.0,16.9,0.0,60.9,81.0,353.4,0.8,2.5,246,1007.0,1006.8,1007.1,1007.0,24.4,24.3,24.4,59,41,38,22.4,22.2,22.6,3.05,5.3,3.05,5.3,1.5,1.5,1.48
24,832.4,7,0.0,0.0,16.9,0.0,60.9,81.0,353.4,1.3,6.3,238,1007.0,1006.7,1007.2,1007.0,24.4,24.4,24.5,59,42,38,22.7,22.5,22.9,3.04,5.3,3.04,5.3,1.5,1.5,1.48
25,878.5,8,0.0,0.0,16.9,0.0,60.9,81.0,353.4,1.5,5.4,235,1007.0,1006.8,1007.2,1007.0,24.5,24.5,24.5,59,41,37,22.9,22.8,23.1,3.04,5.3,3.04,5.3,1.5,1.5,1.48
26,879.5,8,0.0,0.0,16.9,0.0,60.9,81.0,353.4,1.5,4.6,233,1007.0,1006.7,1007.2,1007.0,24.5,24.5,24.6,58,41,37,23.2,23.0,23.4,3.04,5.3,3.04,5.3,1.5,1.5,1.48
27,801.3,7,0.0,0.0,16.9,0.0,60.9,81.0,353.4,1.6,6.3,235,1006.8,1006.6,1007.0,1006.8,24.6,24.5,24.6,58,41,36,23.6,23.4,23.8,3.04,5.3,3.04,5.3,1.5,1.5,1.48
28,699.9,6,0.0,0.0,16.9,0.0,60.9,81.0,353.4,1.3,3.8,242,1006.9,1006.7,1007.0,1006.9,24.6,24.6,24.6,58,40,36,23.9,23.7,24.0,3.04,5.3,3.04,5.3,1.5,1.5,1.48
29,597.0,5,0.0,0.0,16.9,0.0,60.9,81.0,353.4,1.2,4.8,249,1006.8,1006.5,1007.0,1006.8,24.6,24.6,24.7,57,39,36,24.1,23.9,24.3,3.04,5.3,3.04,5.3,1.5,1.5,1.48
30,542.0,5,0.0,0.0,16.9,0.0,60.9,81.0,353.4,1.5,4.7,239,1006.6,1006.4,1006.9,1006.6,24.6,24.6,24.7,57,39,35,24.2,24.1,24.4,3.04,5.3,3.04,5.3,1.5,1.5,1.48
31,335.0,3,0.0,0.0,16.9,0.0,60.9,81.0,353.4,1.6,5.2,238,1006.5,1006.3,1006.7,1006.5,24.6,24.6,24.7,57,38,35,24.3,24.2,24.4,3.04,5.3,3.04,5.3,1.5,1.5,1.48
32,191.6,1,0.0,0.0,16.9,0.0,60.9,81.0,353.4,1.8,4.5,232,1006.6,1006.3,1007.1,1006.6,24.6,24.6,24.7,57,38,35,24.4,24.3,24.5,3.05,5.3,3.05,5.3,1.5,1.5,1.48
33,150.4,1,0.0,0.0,16.9,0.0,60.9,81.0,353.4,1.9,5.4,220,1007.2,1007.0,1007.4,1007.2,24.6,24.5,24.6,57,38,34,24.5,24.4,24.5,3.06,5.3,3.06,5.3,1.5,1.5,1.48
34,187.4,1,2.4,0.4,0.4,0.4,61.3,81.4,353.8,1.4,5.0,224,1007.2,1006.8,1007.5,1007.2,24.5,24.5,24.6,57,37,34,24.4,24.4,24.5,3.06,5.3,3.06,5.3,1.5,1.5,1.48
35,325.9,3,0.0,0.4,0.4,0.3,61.3,81.4,353.8,1.2,4.3,230,1006.8,1006.7,1007.1,1006.8,24.5,24.5,24.5,57,37,34,24.4,24.3,24.5,3.06,5.3,3.06,5.3,1.5,1.5,1.48
36,308.4,2,0.0,0.4,0.4,0.0,61.3,81.4,353.8,1.0,4.1,219,1006.9,1006.6,1007.0,1006.9,24.5,24.4,24.5,57,37,34,24.3,24.1,24.4,3.06,5.3,3.06,5.3,1.5,1.5,1.48
37,303.8,2,0.0,0.4,0.4,0.0,61.3,81.4,353.8,1.1,5.4,227,1007.0,1006.7,1007.3,1007.0,24.4,24.4,24.5,57,37,34,24.1,24.0,24.3,3.06,5.3,3.06,5.3,1.5,1.5,1.48
38,157.7,1,0.0,0.4,0.0,0.0,61.3,81.4,353.8,1.2,4.6,220,1007.3,1007.1,1007.4,1007.3,24.4,24.4,24.5,57,37,34,24.0,23.9,24.1,3.06,5.3,3.06,5.3,1.5,1.5,1.48
39,54.4,0,0.0,0.4,0.0,0.0,61.3,81.4,353.8,1.2,4.2,226,1007.4,1007.1,1007.7,1007.4,24.4,24.4,24.5,57,37,34,23.8,23.8,23.9,3.06,5.3,3.06,5.3,1.5,1.5,1.48
40,35.8,0,0.0,0.4,0.0,0.0,61.3,81.4,353.8,0.8,3.8,232,1007.6,1007.5,1007.8,1007.6,24.4,24.4,24.4,57,36,34,23.7,23.6,23.8,3.06,5.3,3.06,5.3,1.5,1.5,1.48
41,15.6,0,0.0,0.4,0.0,0.0,61.3,81.4,353.8,1.0,4.2,217,1007.8,1007.5,1008.0,1007.8,24.4,24.3,24.4,57,36,34,23.6,23.4,23.7,3.06,5.3,3.06,5.3,1.5,1.5,1.48
42,2.9,0,0.6,0.5,0.1,0.1,61.4,81.5,353.9,0.7,2.6,267,1008.6,1007.9,1009.4,1008.6,24.3,24.3,24.4,58,36,33,23.4,23.2,23.5,3.06,5.2,3.06,5.2,1.5,1.5,1.48
43,0.0,0,0.6,0.5,0.1,0.1,61.4,81.5,353.9,0.4,1.8,314,1009.2,1009.0,1009.4,1009.2,24.3,24.3,24.3,58,36,33,23.3,23.2,23.4,3.06,5.2,3.06,5.2,1.5,1.5,1.48
44,0.0,0,0.0,0.5,0.1,0.0,61.4,81.5,353.9,0.1,0.6,350,1009.1,1008.9,1009.3,1009.1,24.3,24.2,24.3,58,36,33,23.1,22.9,23.2,3.06,5.1,3.06,5.1,1.5,1.5,1.48
45,0.0,0,0.0,0.5,0.1,0.0,61.4,81.5,353.9,0.0,1.2,319,1009.3,1009.1,1009.6,1009.3,24.2,24.2,24.3,58,36,33,22.9,22.7,23.1,3.06,5.1,3.06,5.1,1.5,1.5,1.48
46,0.0,0,0.0,0.5,0.0,0.0,61.4,81.5,353.9,0.3,2.9,228,1009.5,1009.2,1009.9,1009.5,24.2,24.2,24.3,58,36,33,22.7,22.6,22.8,3.06,5.1,3.06,5.1,1.5,1.5,1.48
47,0.0,0,0.6,0.7,0.2,0.2,61.6,81.7,354.1,0.9,3.8,223,1009.7,1009.5,1009.9,1009.7,24.2,24.2,24.2,58,36,33,22.5,22.3,22.6,3.06,5.0,3.06,5.0,1.5,1.5,1.48
48,0.0,0,0.6,0.7,0.3,0.3,0.1,81.8,354.2,0.8,2.5,218,1009.5,1009.2,1009.9,1009.5,24.2,24.1,24.2,58,36,33,22.3,22.1,22.4,3.06,4.9,3.06,4.9,1.5,1.5,1.48
49,0.0,0,0.6,0.2,0.4,0.2,0.2,81.9,354.3,0.6,4.3,202,1009.3,1009.1,1009.6,1009.3,24.1,24.1,24.2,57,36,33,22.1,21.9,22.2,3.06,4.9,3.06,4.9,1.5,1.5,1.48
50,0.0,0,1.2,0.5,0.7,0.4,0.5,82.2,354.6,0.8,3.7,210,1009.3,1009.0,1009.5,1009.3,24.1,24.1,24.1,57,36,33,21.9,21.7,22.0,3.06,4.8,3.06,4.8,1.5,1.5,1.48
51,0.0,0,0.6,0.6,0.8,0.4,0.6,82.3,354.7,0.4,2.0,211,1008.8,1008.6,1009.1,1008.8,24.1,24.0,24.1,57,36,33,21.7,21.5,21.8,3.06,4.8,3.06,4.8,1.5,1.5,1.48
52,0.0,0,0.6,0.6,0.8,0.1,0.6,82.3,354.7,0.3,2.4,206,1008.6,1008.4,1008.9,1008.6,24.0,24.0,24.1,57,36,33,21.5,21.3,21.7,3.06,4.7,3.06,4.7,1.5,1.5,1.48
53,0.0,0,0.0,0.6,0.8,0.0,0.6,82.3,354.7,0.4,1.6,163,1008.3,1008.1,1008.6,1008.3,24.0,24.0,24.0,56,36,33,21.3,21.1,21.4,3.06,4.6,3.06,4.6,1.5,1.5,1.48
54,0.0,0,1.2,0.9,1.1,0.3,0.9,82.6,355.0,0.3,1.5,114,1008.2,1008.0,1008.3,1008.2,24.0,24.0,24.0,56,36,33,21.1,20.9,21.2,3.06,4.6,3.06,4.6,1.5,1.5,1.48
55,0.0,0,0.6,0.9,1.1,0.3,0.9,82.6,355.0,0.7,1.8,33,1008.0,1007.7,1008.2,1008.0,23.9,23.9,24.0,57,36,33,20.9,20.8,21.1,3.05,4.5,3.05,4.5,1.5,1.5,1.48
56,0.0,0,0.6,1.0,1.2,0.1,1.0,82.7,355.1,0.5,1.8,106,1007.7,1007.5,1008.0,1007.7,23.9,23.9,24.0,57,36,33,20.8,20.6,21.0,3.06,4.4,3.06,4.4,1.5,1.5,1.48
57,0.0,0,1.2,1.2,1.4,0.3,1.2,82.9,355.3,0.7,1.5,46,1007.6,1007.4,1007.8,1007.6,23.9,23.9,23.9,57,36,33,20.6,20.5,20.8,3.05,4.4,3.05,4.4,1.5,1.5,1.48
58,3.0,0,0.6,1.3,1.5,0.3,1.3,83.0,355.4,0.9,2.6,171,1007.4,1007.2,1007.6,1007.4,23.9,23.8,23.9,57,35,33,20.4,20.4,20.6,3.05,4.3,3.05,4.3,1.5,1.5,1.48
59,9.4,0,0.6,1.4,1.6,0.2,1.4,83.1,355.5,0.8,2.9,188,1007.2,1007.0,1007.5,1007.2,23.8,23.8,23.9,57,35,33,20.3,20.2,20.5,3.07,4.3,3.07,4.3,1.5,1.5,1.48
60,25.9,0,0.6,1.5,1.7,0.2,1.5,83.2,355.6,0.9,3.8,204,1007.0,1006.6,1007.2,1007.0,23.8,23.8,23.8,57,35,33,20.2,20.1,20.3,3.06,4.2,3.06,4.2,1.5,1.5,1.48
61,32.7,0,0.6,1.7,1.9,0.3,1.7,83.4,355.8,0.9,3.4,210,1006.8,1006.7,1007.0,1006.8,23.8,23.8,23.8,57,35,33,20.1,20.0,20.2,3.07,4.1,3.07,4.1,1.5,1.5,1.48
62,73.2,0,1.2,2.0,2.2,0.5,2.0,83.7,356.1,1.0,2.9,220,1006.7,1006.5,1007.0,1006.7,23.8,23.7,23.8,57,35,33,20.0,19.8,20.2,3.06,4.1,3.06,4.1,1.5,1.5,1.48
63,81.6,0,0.6,2.0,2.2,0.1,2.0,83.7,356.1,1.3,4.3,211,1006.5,1006.3,1006.8,1006.5,23.8,23.7,23.8,57,35,33,19.9,19.8,20.0,3.06,4.1,3.06,4.1,1.5,1.5,1.48
64,108.1,1,0.6,2.2,2.4,0.2,2.2,83.9,356.3,1.0,4.3,207,1006.4,1006.3,1006.6,1006.4,23.8,23.7,23.8,57,35,33,19.8,19.7,19.9,3.06,4.2,3.06,4.2,1.5,1.5,1.48
65,208.3,1,0.6,2.4,2.6,0.3,2.4,84.1,356.5,1.3,4.4,214,1006.4,1006.3,1006.6,1006.4,23.8,23.7,23.8,57,35,33,19.8,19.6,19.9,3.05,4.3,3.05,4.3,1.5,1.5,1.48
66,231.7,2,0.0,2.4,2.6,0.2,2.4,84.1,356.5,1.6,5.2,211,1006.4,1006.3,1006.7,1006.4,23.8,23.7,23.8,58,35,33,19.7,19.6,19.8,3.05,4.4,3.05,4.4,1.5,1.5,1.48
67,160.7,1,0.6,2.5,2.7,0.1,2.5,84.2,356.6,1.2,5.0,218,1006.4,1006.1,1006.7,1006.4,23.5,22.8,23.8,58,35,33,19.7,19.6,19.7,3.06,4.5,3.06,4.5,1.5,1.5,1.48
68,154.7,1,1.2,2.7,2.9,0.3,2.7,84.4,356.8,1.0,3.4,209,1006.2,1005.9,1006.4,1006.2,21.8,21.2,22.7,64,35,33,19.6,19.5,19.7,3.06,4.6,3.06,4.6,1.5,1.5,1.48
69,200.9,1,0.0,2.7,2.9,0.0,2.7,84.4,356.8,0.9,3.3,213,1006.1,1005.9,1006.3,1006.1,21.1,21.1,21.2,67,35,33,19.7,19.5,19.7,3.06,4.7,3.06,4.7,1.5,1.5,1.48
70,256.4,2,0.0,2.7,2.9,0.0,2.7,84.4,356.8,0.9,4.5,223,1006.0,1005.9,1006.2,1006.0,21.2,21.1,21.3,68,35,33,19.6,19.6,19.7,3.06,4.9,3.06,4.9,1.5,1.5,1.48
71,190.4,1,0.6,2.8,3.0,0.1,2.8,84.5,356.9,1.2,4.0,217,1006.0,1005.7,1006.2,1006.0,21.4,21.3,21.6,67,35,33,19.6,19.5,19.7,3.06,5.0,3.06,5.0,1.5,1.5,1.48
72,250.2,2,0.0,2.8,3.0,0.1,2.8,84.5,356.9,1.4,5.3,214,1005.7,1005.5,1005.9,1005.7,21.7,21.6,21.8,67,35,32,19.6,19.6,19.7,3.06,5.2,3.06,5.2,1.5,1.5,1.48
73,553.8,5,0.0,2.8,3.0,0.0,2.8,84.5,356.9,1.2,4.1,215,1005.5,1005.1,1005.8,1005.5,21.9,21.8,22.1,67,35,32,19.7,19.6,19.7,3.06,5.3,3.06,5.3,1.5,1.5,1.48
74,429.3,3,0.0,2.8,3.0,0.0,2.8,84.5,356.9,1.7,6.1,213,1005.2,1005.0,1005.4,1005.2,22.2,22.1,22.2,66,35,32,19.7,19.6,19.8,3.06,5.3,3.06,5.3,1.5,1.5,1.48
75,184.4,1,0.0,2.8,3.0,0.0,2.8,84.5,356.9,1.3,4.8,216,1005.1,1004.9,1005.3,1005.1,22.3,22.2,22.4,65,34,32,19.7,19.6,19.8,3.06,5.3,3.06,5.3,1.5,1.5,1.48
76,330.3,3,0.0,2.8,3.0,0.0,2.8,84.5,356.9,1.2,6.1,217,1005.0,1004.7,1005.1,1005.0,22.5,22.4,22.7,65,34,32,19.8,19.7,19.9,3.06,5.3,3.06,5.3,1.5,1.5,1.48
77,311.2,2,0.0,2.8,3.0,0.0,2.8,84.5,356.9,1.8,5.6,218,1004.6,1004.4,1004.9,1004.6,22.7,22.6,22.7,64,34,32,19.9,19.8,20.0,3.06,5.3,3.06,5.3,1.5,1.5,1.48
78,438.3,4,0.0,2.8,3.0,0.0,2.8,84.5,356.9,1.7,6.2,227,1004.4,1004.2,1004.6,1004.4,22.7,22.6,22.7,63,33,32,20.1,20.0,20.2,3.06,5.3,3.06,5.3,1.5,1.5,1.48
79,430.1,3,0.0,2.8,3.0,0.0,2.8,84.5,356.9,1.8,5.3,220,1004.1,1003.8,1004.4,1004.1,22.8,22.7,22.9,63,33,32,20.2,20.1,20.3,3.06,5.3,3.06,5.3,1.5,1.5,1.48
80,264.0,2,0.0,2.8,3.0,0.0,2.8,84.5,356.9,1.9,6.5,212,1003.9,1003.6,1004.2,1003.9,22.9,22.9,23.0,62,32,31,20.3,20.1,20.4,3.06,5.3,3.06,5.3,1.5,1.5,1.48
81,270.5,2,0.0,2.8,3.0,0.0,2.8,84.5,356.9,1.7,5.6,216,1003.6,1003.4,1003.8,1003.6,22.9,22.9,23.0,61,32,31,20.4,20.3,20.6,3.06,5.3,3.06,5.3,1.5,1.5,1.48
82,212.0,1,0.0,2.8,3.0,0.0,2.8,84.5,356.9,1.5,5.1,207,1003.4,1003.1,1003.6,1003.4,23.0,22.9,23.0,61,31,31,20.6,20.5,20.7,3.06,5.3,3.06,5.3,1.5,1.5,1.48
83,106.5,0,0.0,2.8,3.0,0.0,2.8,84.5,356.9,1.6,5.2,217,1003.1,1002.7,1003.3,1003.1,23.0,23.0,23.1,61,31,31,20.7,20.6,20.8,3.06,5.3,3.06,5.3,1.5,1.5,1.48
84,80.7,0,0.0,2.8,3.0,0.0,2.8,84.5,356.9,0.7,4.3,223,1003.0,1002.7,1003.4,1003.0,23.1,23.1,23.2,61,30,31,20.8,20.6,20.9,3.06,5.3,3.06,5.3,1.5,1.5,1.48
85,80.6,0,0.0,2.8,3.0,0.0,2.8,84.5,356.9,1.4,6.5,220,1002.9,1002.6,1003.2,1002.9,23.2,23.1,23.2,61,30,31,20.8,20.7,21.0,3.06,5.3,3.06,5.3,1.5,1.5,1.48
86,83.6,0,0.6,2.9,3.1,0.1,2.9,84.6,357.0,1.5,4.8,226,1002.9,1002.5,1003.4,1002.9,23.1,23.0,23.1,60,30,31,20.9,20.8,21.0,3.06,5.3,3.06,5.3,1.5,1.5,1.48
87,45.8,0,0.6,3.0,3.2,0.2,3.0,84.7,357.1,1.1,3.1,228,1003.0,1002.7,1003.3,1003.0,23.1,23.0,23.1,62,30,31,20.9,20.8,21.1,3.06,5.2,3.06,5.2,1.5,1.5,1.48
88,29.0,0,0.6,3.0,3.2,0.1,3.0,84.7,357.1,0.5,2.7,228,1002.7,1002.6,1003.0,1002.7,23.1,23.0,23.1,62,30,31,21.0,20.9,21.1,3.06,5.2,3.06,5.2,1.5,1.5,1.48
89,10.4,0,0.0,3.0,3.2,0.0,3.0,84.7,357.1,0.7,4.3,221,1002.6,1002.5,1002.8,1002.6,23.1,23.0,23.1,63,29,31,21.0,20.9,21.1,3.06,5.2,3.06,5.2,1.5,1.5,1.48
90,2.2,0,0.0,3.0,3.2,0.0,3.0,84.7,357.1,0.9,3.1,220,1002.5,1002.4,1002.7,1002.5,23.1,23.0,23.1,63,29,31,20.9,20.8,21.1,3.06,5.1,3.06,5.1,1.5,1.5,1.48
91,0.0,0,0.0,3.0,3.2,0.0,3.0,84.7,357.1,1.0,3.5,228,1002.2,1002.0,1002.4,1002.2,23.1,23.0,23.1,63,29,31,20.9,20.8,21.1,3.06,5.1,3.06,5.1,1.5,1.5,1.48
92,0.0,0,0.0,3.0,3.2,0.0,3.0,84.7,357.1,0.9,4.5,211,1001.9,1001.6,1002.2,1001.9,23.1,23.0,23.1,63,29,31,20.9,20.8,21.0,3.06,5.0,3.06,5.0,1.5,1.5,1.48
93,0.0,0,0.0,3.0,3.2,0.0,3.0,84.7,357.1,0.7,2.9,222,1001.5,1001.2,1001.8,1001.5,23.1,23.0,23.1,63,29,31,20.8,20.7,21.0,3.06,5.0,3.06,5.0,1.5,1.5,1.48
94,0.0,0,0.6,3.1,3.3,0.1,3.1,84.8,357.2,0.8,3.5,225,1001.1,1000.8,1001.5,1001.1,23.0,23.0,23.1,63,29,31,20.8,20.7,20.9,3.06,5.0,3.06,5.0,1.5,1.5,1.48
95,0.0,0,0.0,3.1,3.3,0.1,3.1,84.8,357.2,0.7,2.7,206,1000.7,1000.5,1001.0,1000.7,23.0,23.0,23.1,63,29,31,20.7,20.6,20.8,3.06,4.9,3.06,4.9,1.5,1.5,1.48
96,0.0,0,0.0,0.0,3.3,0.0,3.1,0.0,357.2,0.7,2.4,187,1000.4,1000.0,1000.6,1000.4,23.0,23.0,23.1,63,29,31,20.7,20.6,20.8,3.06,4.9,3.06,4.9,1.5,1.5,1.48
97,0.0,0,0.0,0.0,3.3,0.0,3.1,0.0,357.2,0.6,2.3,149,999.8,999.4,1000.1,999.8,23.0,23.0,23.0,63,29,31,20.7,20.6,20.8,3.06,4.9,3.06,4.9,1.5,1.5,1.48
98,0.0,0,0.0,0.0,3.3,0.0,3.1,0.0,357.2,0.9,4.0,221,999.4,999.1,999.7,999.4,23.0,23.0,23.0,63,29,31,20.6,20.6,20.7,3.06,4.8,3.06,4.8,1.5,1.5,1.48
99,0.0,0,0.6,0.2,3.5,0.2,3.3,0.2,357.4,1.4,4.9,215,999.0,998.7,999.3,999.0,23.0,23.0,23.0,63,29,31,20.6,20.5,20.7,3.06,4.7,3.06,4.7,1.5,1.5,1.48
100,0.0,0,2.4,0.7,4.0,0.6,3.8,0.7,357.9,1.9,5.7,214,998.6,998.3,998.9,998.6,23.0,23.0,23.0,63,29,31,20.6,20.5,20.6,3.06,4.6,3.06,4.6,1.5,1.5,1.48
101,0.0,0,1.2,0.9,4.2,0.7,4.0,0.9,358.1,1.5,6.4,219,998.1,997.8,998.4,998.1,23.0,23.0,23.0,63,29,31,20.5,20.4,20.6,3.05,4.5,3.05,4.5,1.5,1.5,1.48
102,0.0,0,0.0,0.9,4.2,0.1,4.0,0.9,358.1,1.2,4.7,240,997.7,997.2,998.0,997.7,23.0,23.0,23.0,63,29,31,20.5,20.4,20.6,3.06,4.5,3.06,4.5,1.5,1.5,1.48
103,0.0,0,0.0,0.9,4.2,0.0,4.0,0.9,358.1,1.6,5.5,218,997.1,996.9,997.3,997.1,23.0,22.9,23.0,63,29,31,20.4,20.3,20.6,3.06,4.4,3.06,4.4,1.5,1.5,1.48
104,0.0,0,0.0,0.9,4.2,0.0,4.0,0.9,358.1,1.3,5.2,219,996.6,996.3,997.1,996.6,23.0,22.9,23.0,63,29,31,20.3,20.2,20.4,3.05,4.4,3.05,4.4,1.5,1.5,1.48
105,0.0,0,0.0,0.9,4.2,0.0,4.0,0.9,358.1,1.6,5.1,204,996.2,996.0,996.5,996.2,22.9,22.9,23.0,63,29,31,20.2,20.1,20.3,3.04,4.4,3.04,4.4,1.5,1.5,1.48
106,2.5,0,0.0,0.9,4.2,0.0,4.0,0.9,358.1,1.6,5.9,214,995.9,995.6,996.2,995.9,22.9,22.9,23.0,63,29,31,20.1,20.0,20.2,3.04,4.4,3.04,4.4,1.5,1.5,1.48
107,11.1,0,0.0,0.9,4.2,0.0,4.0,0.9,358.1,1.5,5.1,222,995.5,995.3,995.8,995.5,22.9,22.9,23.0,63,29,31,20.1,19.9,20.1,3.05,4.3,3.05,4.3,1.5,1.5,1.48
108,30.5,0,0.0,0.9,4.2,0.0,4.0,0.9,358.1,1.9,4.7,208,995.4,995.2,995.5,995.4,22.9,22.9,22.9,63,29,31,20.0,19.9,20.1,3.06,4.3,3.06,4.3,1.5,1.5,1.48
109,35.8,0,0.0,0.9,4.2,0.0,4.0,0.9,358.1,1.8,6.1,209,995.2,994.9,995.5,995.2,22.9,22.9,22.9,63,29,31,19.9,19.8,20.0,3.06,4.3,3.06,4.3,1.5,1.5,1.48
110,63.1,0,0.0,0.9,4.2,0.0,4.0,0.9,358.1,1.5,5.1,215,994.8,994.4,995.1,994.8,22.9,22.9,22.9,63,29,31,19.9,19.7,20.0,3.06,4.3,3.06,4.3,1.5,1.5,1.48
111,65.9,0,1.2,1.1,4.4,0.2,4.2,1.1,358.3,1.2,3.8,217,994.5,994.3,994.7,994.5,22.9,22.9,22.9,63,29,31,19.8,19.7,20.0,3.05,4.3,3.05,4.3,1.5,1.5,1.48
112,85.6,0,0.0,1.1,4.4,0.2,4.2,1.1,358.3,1.8,6.5,220,994.4,994.2,994.5,994.4,22.9,22.9,22.9,63,29,30,19.8,19.7,19.8,3.05,4.3,3.05,4.3,1.5,1.5,1.48
113,96.4,0,0.0,1.1,4.4,0.0,4.2,1.1,358.3,1.5,8.5,215,994.3,994.1,994.5,994.3,22.9,22.9,22.9,63,29,30,19.7,19.6,19.8,3.04,4.4,3.04,4.4,1.5,1.5,1.48
114,217.3,2,0.6,1.3,4.6,0.2,4.4,1.3,358.5,1.6,5.7,210,994.3,994.1,994.4,994.3,22.9,22.9,22.9,63,29,30,19.7,19.6,19.8,3.05,4.4,3.05,4.4,1.5,1.5,1.48
115,352.2,3,0.6,1.3,4.6,0.2,4.4,1.3,358.5,2.0,5.9,213,993.9,993.4,994.1,993.9,22.7,22.1,22.9,64,29,30,19.7,19.6,19.8,3.06,4.6,3.06,4.6,1.5,1.5,1.48
116,434.4,4,0.0,1.3,4.6,0.0,4.4,1.3,358.5,1.6,7.5,211,993.9,993.7,994.2,993.9,22.2,22.1,22.3,67,29,30,19.7,19.7,19.8,3.06,5.0,3.06,5.0,1.5,1.5,1.48
117,390.9,3,0.0,1.3,4.6,0.0,4.4,1.3,358.5,1.3,6.1,219,993.9,993.7,994.1,993.9,22.5,22.3,22.6,67,28,30,19.8,19.7,20.0,3.06,5.3,3.06,5.3,1.5,1.5,1.48
118,454.3,4,0.0,1.3,4.6,0.0,4.4,1.3,358.5,1.7,5.8,220,993.7,993.4,993.9,993.7,22.7,22.6,22.8,66,28,30,19.9,19.8,20.1,3.06,5.3,3.06,5.3,1.5,1.5,1.48
119,313.6,2,0.6,1.4,4.7,0.1,4.5,1.4,358.6,1.9,7.9,217,993.7,993.5,994.0,993.7,22.8,22.8,22.9,65,28,30,20.1,19.9,20.2,3.06,5.3,3.06,5.3,1.5,1.5,1.48
120,255.3,2,0.0,1.4,4.7,0.1,4.5,1.4,358.6,1.7,6.1,220,993.7,993.4,993.9,993.7,23.0,22.9,23.1,65,28,30,20.2,20.1,20.3,3.06,5.3,3.06,5.3,1.5,1.5,1.48
121,161.2,1,10.8,3.5,6.8,2.1,6.6,3.5,360.7,1.6,5.6,229,994.0,993.6,994.3,994.0,23.1,23.0,23.2,66,28,30,20.4,20.3,20.5,3.06,5.2,3.06,5.2,1.5,1.5,1.48
122,388.6,3,0.6,3.6,6.9,2.2,6.7,3.6,360.8,1.2,4.8,237,994.4,994.2,994.6,994.4,23.2,23.1,23.2,66,28,30,20.5,20.4,20.6,3.06,5.3,3.06,5.3,1.5,1.5,1.48
123,466.4,4,0.0,3.6,6.9,0.1,6.7,3.6,360.8,1.2,4.1,247,994.4,994.2,994.7,994.4,23.3,23.2,23.3,66,28,30,20.5,20.4,20.6,3.06,5.3,3.06,5.3,1.5,1.5,1.48
124,715.7,6,0.0,3.6,6.9,0.0,6.7,3.6,360.8,1.1,5.4,231,994.5,994.1,994.7,994.5,23.3,23.3,23.4,66,28,30,20.5,20.4,20.6,3.06,5.3,3.06,5.3,1.5,1.5,1.48
125,574.7,5,0.0,3.6,6.9,0.0,6.7,3.6,360.8,1.1,5.5,229,994.6,994.4,994.7,994.6,23.4,23.4,23.5,65,28,29,20.6,20.5,20.7,3.06,5.3,3.06,5.3,1.5,1.5,1.48
126,938.4,8,0.0,3.6,6.9,0.0,6.7,3.6,360.8,1.4,4.2,221,994.6,994.4,994.8,994.6,23.7,23.5,23.9,65,27,29,20.6,20.5,20.7,3.06,5.3,3.06,5.3,1.5,1.5,1.48
127,847.7,7,0.0,3.6,6.9,0.0,6.7,3.6,360.8,1.3,4.6,227,994.7,994.5,994.9,994.7,23.9,23.9,24.0,63,27,29,20.7,20.6,20.8,3.06,5.3,3.06,5.3,1.5,1.5,1.48
128,722.2,6,0.0,3.6,6.9,0.0,6.7,3.6,360.8,1.4,5.5,230,994.6,994.4,994.8,994.6,24.1,24.0,24.1,63,27,29,20.8,20.6,20.9,3.05,5.3,3.05,5.3,1.5,1.5,1.48
129,633.1,5,0.0,3.6,6.9,0.0,6.7,3.6,360.8,1.6,5.8,224,994.6,994.4,994.9,994.6,24.1,24.1,24.1,61,27,29,20.9,20.8,21.0,3.04,5.3,3.04,5.3,1.5,1.5,1.48
130,135.0,1,2.4,4.2,7.5,0.6,7.3,4.2,361.4,1.5,6.6,232,995.2,994.8,995.6,995.2,24.0,24.0,24.1,60,26,29,21.0,20.9,21.1,3.06,5.3,3.06,5.3,1.5,1.5,1.48
131,398.5,3,1.2,4.2,7.5,0.6,7.3,4.2,361.4,0.9,3.5,223,995.6,995.3,995.8,995.6,23.9,23.9,24.0,60,26,29,21.1,21.0,21.2,3.06,5.3,3.06,5.3,1.5,1.5,1.48
132,309.0,2,0.0,4.2,7.5,0.0,7.3,4.2,361.4,1.3,4.1,231,995.8,995.5,996.1,995.8,23.8,23.8,23.9,61,26,29,21.2,21.1,21.3,3.06,5.3,3.06,5.3,1.5,1.5,1.48
133,256.4,2,0.0,4.2,7.5,0.0,7.3,4.2,361.4,1.0,4.8,241,995.9,995.6,996.1,995.9,23.7,23.7,23.8,60,26,29,21.2,21.1,21.3,3.06,5.3,3.06,5.3,1.5,1.5,1.48
134,201.3,1,0.0,4.2,7.5,0.0,7.3,4.2,361.4,1.4,4.6,220,996.1,995.9,996.3,996.1,23.7,23.7,23.7,60,26,29,21.2,21.1,21.3,3.06,5.3,3.06,5.3,1.5,1.5,1.48
135,75.0,0,0.0,4.2,7.5,0.0,7.3,4.2,361.4,1.7,7.0,220,996.4,995.9,996.6,996.4,23.6,23.6,23.7,61,26,28,21.2,21.2,21.3,3.06,5.3,3.06,5.3,1.5,1.5,1.48
136,35.6,0,0.0,4.2,7.5,0.0,7.3,4.2,361.4,1.3,4.0,229,996.9,996.4,997.3,996.9,23.6,23.6,23.6,61,26,28,21.2,21.1,21.3,3.06,5.3,3.06,5.3,1.5,1.5,1.48
137,10.9,0,0.0,4.2,7.5,0.0,7.3,4.2,361.4,1.4,5.4,217,997.4,997.2,997.7,997.4,23.6,23.6,23.6,61,26,28,21.2,21.0,21.2,3.06,5.3,3.06,5.3,1.5,1.5,1.48
138,2.8,0,0.0,4.2,7.5,0.0,7.3,4.2,361.4,1.0,3.4,226,997.7,997.4,998.0,997.7,23.6,23.5,23.6,61,26,28,21.1,21.0,21.3,3.06,5.2,3.06,5.2,1.5,1.5,1.48
139,0.0,0,0.0,4.2,7.5,0.0,7.3,4.2,361.4,0.9,3.5,216,998.0,997.7,998.3,998.0,23.5,23.5,23.5,61,26,28,21.1,20.9,21.2,3.06,5.2,3.06,5.2,1.5,1.5,1.48
140,0.0,0,0.6,4.3,7.6,0.1,7.4,4.3,361.5,0.8,3.2,224,998.2,998.0,998.5,998.2,23.5,23.5,23.5,61,26,28,21.0,20.9,21.1,3.06,5.2,3.06,5.2,1.5,1.5,1.48
141,0.0,0,0.6,4.3,7.6,0.1,7.4,4.3,361.5,0.8,3.5,221,998.4,998.3,998.7,998.4,23.5,23.5,23.5,61,26,28,20.8,20.7,21.0,3.06,5.1,3.06,5.1,1.5,1.5,1.48
142,0.0,0,0.6,4.4,7.7,0.1,7.5,4.4,361.6,0.9,2.9,228,998.6,998.4,998.9,998.6,23.5,23.4,23.5,61,26,28,20.7,20.6,20.9,3.06,5.1,3.06,5.1,1.5,1.5,1.48
143,0.0,0,0.0,4.4,7.7,0.1,7.5,4.4,361.6,1.2,3.7,223,998.8,998.6,998.9,998.8,23.5,23.4,23.5,61,26,28,20.6,20.6,20.7,3.06,5.0,3.06,5.0,1.5,1.5,1.48
144,0.0,0,0.0,0.0,7.7,0.0,7.5,4.4,361.6,1.1,2.9,218,998.8,998.6,999.0,998.8,23.4,23.4,23.5,61,26,28,20.5,20.5,20.7,3.06,5.0,3.06,5.0,1.5,1.5,1.48
145,0.0,0,0.0,0.0,7.7,0.0,7.5,4.4,361.6,1.6,4.8,216,999.0,998.8,999.2,999.0,23.4,23.4,23.4,61,26,28,20.4,20.3,20.6,3.06,5.0,3.06,5.0,1.5,1.5,1.48
146,0.0,0,0.0,0.0,7.7,0.0,7.5,4.4,361.6,1.2,3.8,221,999.0,998.8,999.2,999.0,23.4,23.4,23.4,61,26,28,20.3,20.2,20.4,3.06,4.9,3.06,4.9,1.5,1.5,1.48
147,0.0,0,0.0,0.0,7.7,0.0,7.5,4.4,361.6,1.1,3.1,222,999.0,998.7,999.2,999.0,23.4,23.4,23.4,61,26,28,20.2,20.1,20.3,3.06,4.9,3.06,4.9,1.5,1.5,1.48
148,0.0,0,0.0,0.0,7.7,0.0,7.5,4.4,361.6,1.0,4.1,224,998.9,998.6,999.1,998.9,23.4,23.4,23.4,61,26,28,20.1,20.0,20.2,3.06,4.9,3.06,4.9,1.5,1.5,1.48
149,0.0,0,0.0,0.0,7.7,0.0,7.5,4.4,361.6,1.0,3.3,213,999.0,998.8,999.2,999.0,23.4,23.4,23.4,61,26,28,20.0,19.9,20.1,3.06,4.9,3.06,4.9,1.5,1.5,1.48
150,0.0,0,0.0,0.0,7.7,0.0,7.5,4.4,361.6,1.4,4.7,214,999.0,998.9,999.2,999.0,23.4,23.3,23.4,61,26,28,19.9,19.8,20.1,3.06,4.8,3.06,4.8,1.5,1.5,1.48
151,0.0,0,0.0,0.0,7.7,0.0,7.5,4.4,361.6,1.5,4.8,216,999.0,998.7,999.2,999.0,23.4,23.3,23.4,61,26,28,19.8,19.8,20.0,3.06,4.8,3.06,4.8,1.5,1.5,1.48
152,0.0,0,0.0,0.0,7.7,0.0,7.5,4.4,361.6,1.1,4.8,220,999.0,998.9,999.1,999.0,23.3,23.3,23.4,61,26,28,19.8,19.7,19.9,3.06,4.8,3.06,4.8,1.5,1.5,1.48
153,0.1,0,0.0,0.0,7.7,0.0,7.5,4.4,361.6,1.4,3.4,217,998.9,998.7,999.2,998.9,23.3,23.3,23.4,61,26,28,19.7,19.6,19.8,3.06,4.7,3.06,4.7,1.5,1.5,1.48
154,3.6,0,0.0,0.0,7.7,0.0,7.5,4.4,361.6,1.1,4.1,218,998.9,998.8,999.1,998.9,23.3,23.3,23.4,61,26,28,19.6,19.5,19.7,3.06,4.7,3.06,4.7,1.5,1.5,1.48
155,13.3,0,0.0,0.0,7.7,0.0,7.5,4.4,361.6,0.9,3.8,207,999.0,998.8,999.2,999.0,23.3,23.3,23.3,61,26,28,19.5,19.4,19.6,3.06,4.7,3.06,4.7,1.5,1.5,1.48
156,25.2,0,0.0,0.0,7.7,0.0,7.5,4.4,361.6,1.6,4.9,214,999.1,998.9,999.3,999.1,23.3,23.3,23.3,61,26,28,19.4,19.3,19.6,3.06,4.7,3.06,4.7,1.5,1.5,1.48
157,42.3,0,0.0,0.0,7.7,0.0,7.5,4.4,361.6,1.1,4.3,204,999.1,998.9,999.3,999.1,23.3,23.3,23.3,61,26,28,19.3,19.3,19.5,3.06,4.7,3.06,4.7,1.5,1.5,1.48
158,70.1,0,0.0,0.0,7.7,0.0,7.5,4.4,361.6,1.3,4.8,209,999.0,998.8,999.2,999.0,23.3,23.3,23.3,61,26,28,19.3,19.2,19.4,3.06,4.7,3.06,4.7,1.5,1.5,1.48
159,132.4,1,0.0,0.0,7.7,0.0,7.5,4.4,361.6,1.2,4.1,216,998.9,998.7,999.1,998.9,23.3,23.3,23.3,61,26,28,19.2,19.1,19.3,3.06,4.8,3.06,4.8,1.5,1.5,1.48
160,220.3,2,0.0,0.0,7.7,0.0,7.5,4.4,361.6,1.5,5.4,216,998.9,998.7,999.0,998.9,23.3,23.3,23.4,61,26,28,19.2,19.0,19.3,3.06,4.9,3.06,4.9,1.5,1.5,1.48
161,394.2,3,0.0,0.0,7.7,0.0,7.5,4.4,361.6,1.0,3.1,215,998.9,998.6,999.1,998.9,23.4,23.4,23.5,61,26,28,19.1,19.0,19.2,3.06,5.1,3.06,5.1,1.5,1.5,1.48
162,500.6,4,0.0,0.0,7.7,0.0,7.5,4.4,361.6,1.2,5.6,221,998.5,998.3,998.7,998.5,23.6,23.5,23.6,61,26,28,19.2,19.1,19.3,3.06,5.3,3.06,5.3,1.5,1.5,1.48
163,715.9,6,0.0,0.0,7.7,0.0,7.5,4.4,361.6,1.3,5.6,213,998.2,998.0,998.5,998.2,23.7,23.6,23.7,59,25,27,19.4,19.2,19.6,3.05,5.3,3.05,5.3,1.5,1.5,1.48
164,699.8,6,0.0,0.0,7.7,0.0,7.5,4.4,361.6,1.2,6.1,219,998.3,998.0,998.4,998.3,23.5,23.4,23.7,56,25,27,19.9,19.6,20.2,3.05,5.3,3.05,5.3,1.5,1.5,1.48
165,783.7,7,0.0,0.0,7.7,0.0,7.5,4.4,361.6,2.0,5.8,216,998.0,997.7,998.3,998.0,24.0,23.7,24.2,56,25,27,20.4,20.1,20.6,3.06,5.3,3.06,5.3,1.5,1.5,1.48
166,843.0,7,0.0,0.0,7.7,0.0,7.5,4.4,361.6,1.6,5.1,220,997.6,997.3,997.9,997.6,24.2,24.1,24.4,52,25,27,20.8,20.6,21.0,3.05,5.3,3.05,5.3,1.5,1.5,1.48
167,907.2,8,0.0,0.0,7.7,0.0,7.5,4.4,361.6,1.6,5.3,220,997.4,997.0,997.6,997.4,24.4,24.4,24.5,50,25,26,21.1,20.9,21.3,3.04,5.3,3.04,5.3,1.5,1.5,1.48
168,903.9,8,0.0,0.0,7.7,0.0,7.5,4.4,361.6,1.5,5.3,218,997.0,996.7,997.2,997.0,24.7,24.5,25.0,51,25,26,21.5,21.3,21.6,3.04,5.3,3.04,5.3,1.5,1.5,1.48
169,1012.8,9,0.0,0.0,7.7,0.0,7.5,4.4,361.6,1.9,7.0,210,996.8,996.5,997.0,996.8,25.2,25.0,25.3,51,25,26,21.7,21.6,22.0,3.05,5.3,3.05,5.3,1.5,1.5,1.48
170,321.9,2,0.0,0.0,0.0,0.0,7.5,4.4,361.6,1.8,8.0,200,996.3,995.8,996.6,996.3,25.2,25.0,25.3,51,25,26,22.0,21.9,22.2,3.05,5.3,3.05,5.3,1.5,1.5,1.48
171,419.7,3,0.0,0.0,0.0,0.0,7.5,4.4,361.6,1.8,5.3,211,995.8,995.5,996.0,995.8,25.0,24.9,25.0,52,25,25,22.2,22.0,22.4,3.06,5.3,3.06,5.3,1.5,1.5,1.48
172,377.4,3,0.0,0.0,0.0,0.0,7.5,4.4,361.6,1.9,7.1,208,995.6,995.4,995.8,995.6,24.8,24.5,24.9,51,25,25,22.4,22.3,22.5,3.06,5.3,3.06,5.3,1.5,1.5,1.48
173,317.0,2,0.0,0.0,0.0,0.0,7.5,4.4,361.6,2.0,7.1,213,995.2,994.9,995.4,995.2,24.1,23.8,24.5,51,25,25,22.5,22.4,22.6,3.06,5.3,3.06,5.3,1.5,1.5,1.48
174,212.3,1,0.0,0.0,0.0,0.0,7.5,4.4,361.6,1.1,4.4,201,994.9,994.7,995.1,994.9,23.5,23.3,23.8,55,25,25,22.6,22.5,22.7,3.06,5.3,3.06,5.3,1.5,1.5,1.48
175,243.6,2,0.6,0.1,0.1,0.1,7.6,4.5,361.7,1.2,4.4,202,994.5,994.0,994.8,994.5,23.5,23.4,23.6,57,25,25,22.7,22.5,22.7,3.06,5.3,3.06,5.3,1.5,1.5,1.48
176,360.1,3,0.0,0.1,0.1,0.1,7.6,4.5,361.7,2.0,8.1,196,993.8,993.4,994.3,993.8,23.7,23.6,23.8,54,25,25,22.7,22.6,22.8,3.06,5.3,3.06,5.3,1.5,1.5,1.48
177,199.7,1,0.0,0.1,0.1,0.0,7.6,4.5,361.7,1.5,5.0,199,993.4,993.2,993.6,993.4,23.8,23.8,23.9,53,25,25,22.7,22.6,22.7,3.06,5.3,3.06,5.3,1.5,1.5,1.48
178,172.0,1,0.0,0.1,0.0,0.0,7.6,4.5,361.7,1.3,4.1,185,993.0,992.7,993.4,993.0,23.7,23.7,23.8,54,25,25,22.7,22.5,22.7,3.06,5.3,3.06,5.3,1.5,1.5,1.48
179,135.3,1,0.0,0.1,0.0,0.0,7.6,4.5,361.7,2.0,8.3,196,992.4,992.2,992.7,992.4,23.7,23.6,23.7,54,24,25,22.7,22.5,22.7,3.06,5.3,3.06,5.3,1.5,1.5,1.48
180,463.0,4,0.0,0.1,0.0,0.0,7.6,4.5,361.7,2.1,8.3,191,991.9,991.5,992.3,991.9,23.7,23.6,23.7,55,24,25,22.7,22.6,22.8,3.06,5.3,3.06,5.3,1.5,1.5,1.48
181,84.3,0,0.0,0.1,0.0,0.0,7.6,4.5,361.7,2.1,6.3,197,991.6,991.3,991.8,991.6,23.6,23.5,23.7,56,24,25,22.6,22.5,22.7,3.06,5.3,3.06,5.3,1.5,1.5,1.48
182,109.9,1,0.0,0.1,0.0,0.0,7.6,4.5,361.7,2.1,6.5,198,991.1,990.8,991.4,991.1,23.5,23.5,23.6,56,24,25,22.6,22.6,22.7,3.06,5.3,3.06,5.3,1.5,1.5,1.48
183,25.4,0,0.6,0.2,0.1,0.1,7.7,4.6,361.8,2.0,8.4,199,991.1,990.7,991.4,991.1,23.5,23.5,23.6,58,24,24,22.6,22.5,22.7,3.06,5.3,3.06,5.3,1.5,1.5,1.48
184,11.0,0,0.6,0.2,0.1,0.1,7.7,4.6,361.8,1.4,5.2,176,990.7,990.3,991.0,990.7,23.6,23.6,23.6,59,24,24,22.6,22.4,22.7,3.06,5.2,3.06,5.2,1.5,1.5,1.48
185,5.5,0,0.6,0.3,0.2,0.1,7.8,4.7,361.9,1.5,5.4,201,990.4,990.1,990.6,990.4,23.6,23.6,23.6,59,24,24,22.5,22.4,22.6,3.06,5.2,3.06,5.2,1.5,1.5,1.48
186,0.9,0,0.0,0.3,0.2,0.1,7.8,4.7,361.9,1.1,6.4,203,990.0,989.5,990.3,990.0,23.6,23.6,23.6,59,24,25,22.5,22.4,22.6,3.06,5.1,3.06,5.1,1.5,1.5,1.48
187,0.0,0,0.0,0.3,0.2,0.0,7.8,4.7,361.9,1.2,3.6,204,990.0,989.7,990.3,990.0,23.6,23.6,23.6,59,24,25,22.4,22.2,22.5,3.06,5.1,3.06,5.1,1.5,1.5,1.48
188,0.0,0,0.0,0.3,0.0,0.0,7.8,4.7,361.9,1.1,4.5,186,990.0,989.8,990.3,990.0,23.6,23.6,23.6,59,24,25,22.3,22.1,22.4,3.06,5.1,3.06,5.1,1.5,1.5,1.48
189,0.0,0,0.0,0.3,0.0,0.0,7.8,4.7,361.9,1.6,6.2,206,990.2,990.0,990.7,990.2,23.6,23.6,23.6,59,24,25,22.2,22.1,22.4,3.06,5.0,3.06,5.0,1.5,1.5,1.48
190,0.0,0,1.2,0.5,0.2,0.2,8.0,4.9,362.1,1.9,7.2,210,990.2,989.9,990.6,990.2,23.6,23.6,23.6,59,24,25,22.1,22.0,22.3,3.06,5.0,3.06,5.0,1.5,1.5,1.48
191,0.0,0,2.4,0.9,0.6,0.6,8.4,5.3,362.5,2.8,7.1,199,990.3,990.0,990.6,990.3,23.6,23.6,23.6,59,24,25,22.0,21.9,22.1,3.06,4.9,3.06,4.9,1.5,1.5,1.48
192,0.0,0,1.8,0.9,1.2,1.0,9.0,5.9,363.1,1.8,6.5,206,990.3,990.0,990.7,990.3,23.6,23.6,23.6,59,24,25,21.9,21.8,22.1,3.06,4.8,3.06,4.8,1.5,1.5,1.48
193,0.0,0,1.2,0.8,1.4,0.7,9.2,6.1,363.3,1.3,5.7,214,991.1,990.4,991.6,991.1,23.6,23.6,23.6,59,24,25,21.8,21.7,22.0,3.06,4.7,3.06,4.7,1.5,1.5,1.48
194,0.0,0,0.0,0.8,1.4,0.2,9.2,6.1,363.3,1.2,4.5,216,991.5,991.2,991.8,991.5,23.6,23.6,23.6,59,24,25,21.7,21.6,21.9,3.06,4.7,3.06,4.7,1.5,1.5,1.48
195,0.0,0,0.0,0.8,1.4,0.0,9.2,6.1,363.3,0.9,5.3,209,991.7,991.4,992.1,991.7,23.6,23.6,23.6,59,24,25,21.6,21.5,21.7,3.06,4.6,3.06,4.6,1.5,1.5,1.48
196,0.0,0,0.0,0.8,1.4,0.0,9.2,6.1,363.3,0.9,4.2,213,992.0,991.8,992.2,992.0,23.6,23.6,23.6,59,24,25,21.5,21.4,21.6,3.06,4.6,3.06,4.6,1.5,1.5,1.48
197,0.0,0,0.0,0.8,1.4,0.0,9.2,6.1,363.3,1.0,4.3,209,992.2,991.9,992.3,992.2,23.6,23.6,23.6,60,24,25,21.4,21.3,21.6,3.06,4.6,3.06,4.6,1.5,1.5,1.48
198,0.0,0,0.0,0.8,1.4,0.0,9.2,6.1,363.3,1.0,4.1,204,992.3,992.0,992.6,992.3,23.6,23.5,23.6,60,24,25,21.3,21.1,21.4,3.05,4.5,3.05,4.5,1.5,1.5,1.48
199,0.0,0,0.0,0.8,1.4,0.0,9.2,6.1,363.3,1.1,3.7,232,992.6,992.3,993.0,992.6,23.6,23.5,23.6,60,24,25,21.2,21.1,21.3,3.06,4.5,3.06,4.5,1.5,1.5,1.48
200,0.0,0,0.0,0.8,1.4,0.0,9.2,6.1,363.3,2.0,6.0,201,992.9,992.7,993.1,992.9,23.5,23.5,23.6,60,24,25,21.1,20.9,21.2,3.06,4.4,3.06,4.4,1.5,1.5,1.48
201,0.0,0,0.6,0.9,1.5,0.1,9.3,6.2,363.4,1.4,5.1,209,992.9,992.6,993.1,992.9,23.5,23.5,23.6,60,24,25,20.9,20.8,21.1,3.05,4.4,3.05,4.4,1.5,1.5,1.48
202,2.8,0,0.6,0.9,1.5,0.1,9.3,6.2,363.4,1.3,5.9,205,992.8,992.7,993.0,992.8,23.5,23.5,23.5,60,24,25,20.8,20.7,20.9,3.04,4.4,3.04,4.4,1.5,1.5,1.48
203,15.2,0,0.0,0.9,1.5,0.0,9.3,6.2,363.4,1.6,6.0,225,992.8,992.6,993.0,992.8,23.5,23.5,23.5,60,24,25,20.7,20.6,20.8,3.04,4.3,3.04,4.3,1.5,1.5,1.48
204,35.1,0,0.0,0.9,1.5,0.0,9.3,6.2,363.4,1.3,3.8,202,992.8,992.6,993.0,992.8,23.5,23.5,23.5,60,24,25,20.7,20.5,20.8,3.04,4.3,3.04,4.3,1.5,1.5,1.48
205,58.1,0,0.0,0.9,1.5,0.0,9.3,6.2,363.4,1.7,5.8,218,992.8,992.6,993.0,992.8,23.5,23.5,23.5,60,24,25,20.6,20.5,20.7,3.05,4.3,3.05,4.3,1.5,1.5,1.48
206,106.8,0,0.0,0.9,1.5,0.0,9.3,6.2,363.4,1.5,5.3,200,992.7,992.5,992.9,992.7,23.5,23.5,23.6,60,24,25,20.5,20.4,20.6,3.04,4.4,3.04,4.4,1.5,1.5,1.48
207,142.2,1,0.0,0.9,1.5,0.0,9.3,6.2,363.4,1.9,6.8,210,992.7,992.4,993.0,992.7,23.6,23.5,23.7,59,24,25,20.5,20.4,20.5,3.06,4.5,3.06,4.5,1.5,1.5,1.48
208,330.1,3,0.0,0.9,1.5,0.0,9.3,6.2,363.4,2.3,7.3,210,992.8,992.6,993.1,992.8,23.7,23.6,23.8,59,24,24,20.4,20.3,20.6,3.06,4.6,3.06,4.6,1.5,1.5,1.48
209,488.5,4,0.0,0.9,1.5,0.0,9.3,6.2,363.4,2.6,9.4,217,993.0,992.8,993.2,993.0,23.8,23.8,23.9,59,24,24,20.5,20.4,20.6,3.06,4.8,3.06,4.8,1.5,1.5,1.48
210,231.2,2,0.0,0.9,1.5,0.0,9.3,6.2,363.4,2.7,7.8,224,993.3,993.0,993.7,993.3,23.9,23.9,24.0,59,24,24,20.7,20.5,20.9,3.06,5.1,3.06,5.1,1.5,1.5,1.48
211,577.7,5,0.0,0.9,1.5,0.0,9.3,6.2,363.4,2.0,8.7,210,993.6,993.4,993.8,993.6,23.9,23.8,23.9,58,24,24,20.9,20.8,21.1,3.06,5.2,3.06,5.2,1.5,1.5,1.48
212,677.9,6,0.0,0.9,1.5,0.0,9.3,6.2,363.4,2.3,8.1,216,993.7,993.4,993.9,993.7,23.9,23.8,24.0,59,24,24,21.1,21.0,21.2,3.06,5.3,3.06,5.3,1.5,1.5,1.48
213,809.8,7,0.0,0.9,1.5,0.0,9.3,6.2,363.4,2.7,8.9,214,993.9,993.6,994.3,993.9,24.1,24.0,24.3,58,24,24,21.3,21.1,21.4,3.06,5.3,3.06,5.3,1.5,1.5,1.48
214,836.2,7,0.0,0.9,1.5,0.0,9.3,6.2,363.4,3.0,11.0,215,994.2,993.9,994.3,994.2,24.4,24.3,24.5,57,24,24,21.5,21.4,21.6,3.05,5.3,3.05,5.3,1.5,1.5,1.48
215,839.0,7,0.0,0.9,1.5,0.0,9.3,6.2,363.4,2.3,7.2,220,994.2,994.0,994.5,994.2,24.5,24.4,24.6,56,24,23,21.6,21.5,21.8,3.05,5.3,3.05,5.3,1.5,1.5,1.48
216,980.4,9,0.0,0.9,1.5,0.0,9.3,6.2,363.4,2.4,8.9,218,994.3,994.1,994.4,994.3,24.4,24.4,24.4,55,24,23,21.9,21.7,22.1,3.05,5.3,3.05,5.3,1.5,1.5,1.48
217,1027.2,9,0.0,0.9,1.5,0.0,9.3,6.2,363.4,2.7,8.4,217,994.3,994.1,994.5,994.3,24.3,24.2,24.3,54,24,23,22.1,21.9,22.3,3.05,5.3,3.05,5.3,1.5,1.5,1.48
218,1085.2,10,0.0,0.9,1.5,0.0,9.3,6.2,363.4,2.4,8.8,224,994.5,994.3,994.7,994.5,24.2,24.2,24.3,54,25,24,22.4,22.2,22.6,3.05,5.3,3.05,5.3,1.5,1.5,1.48
219,1038.8,9,0.0,0.9,1.5,0.0,9.3,6.2,363.4,2.7,7.2,213,994.8,994.6,995.0,994.8,24.1,24.0,24.2,54,31,34,22.6,22.4,22.8,3.06,5.3,3.06,5.3,1.5,1.5,1.48
220,428.6,3,0.0,0.9,1.5,0.0,9.3,6.2,363.4,2.1,9.6,216,994.8,994.6,995.1,994.8,24.1,24.0,24.2,57,33,34,22.7,22.6,22.8,3.06,5.3,3.06,5.3,1.5,1.5,1.48
221,930.6,8,0.0,0.9,1.5,0.0,9.3,6.2,363.4,2.5,10.2,214,995.4,995.0,996.0,995.4,24.3,24.2,24.3,56,34,33,22.8,22.7,22.9,3.06,5.3,3.06,5.3,1.5,1.5,1.48
222,507.5,4,0.0,0.9,1.5,0.0,9.3,6.2,363.4,2.0,7.9,215,995.9,995.6,996.0,995.9,24.4,24.3,24.6,57,35,33,22.9,22.9,23.1,3.06,5.3,3.06,5.3,1.5,1.5,1.48
223,200.9,1,0.0,0.9,1.5,0.0,9.3,6.2,363.4,2.1,8.6,214,996.1,995.6,996.5,996.1,24.7,24.6,24.7,56,35,33,23.0,22.9,23.1,3.06,5.3,3.06,5.3,1.5,1.5,1.48
224,367.0,3,20.4,4.4,5.0,3.5,12.8,9.7,366.9,1.9,6.8,223,996.6,996.1,997.2,996.6,24.8,24.7,24.8,56,35,32,23.0,22.9,23.1,3.06,5.3,3.06,5.3,1.5,1.5,1.48
225,394.9,3,5.4,5.0,5.6,4.1,13.4,10.3,367.5,1.2,5.6,229,996.9,996.6,997.3,996.9,24.8,24.8,24.9,57,35,32,23.0,23.0,23.1,3.06,5.3,3.06,5.3,1.5,1.5,1.48
226,557.1,5,3.0,5.1,5.7,0.7,13.5,10.4,367.6,1.4,4.9,219,997.0,996.8,997.2,997.0,24.8,24.6,24.9,59,36,32,23.0,22.8,23.1,3.06,5.3,3.06,5.3,1.5,1.5,1.48
227,266.1,2,13.8,7.4,8.0,2.4,15.8,12.7,369.9,1.5,5.3,225,997.3,996.9,997.9,997.3,24.6,24.5,24.7,60,36,32,22.8,22.7,22.9,3.06,5.3,3.06,5.3,1.5,1.5,1.48
228,227.1,2,13.2,9.7,10.3,4.6,18.1,15.0,372.2,0.6,3.7,258,997.7,997.3,998.4,997.7,24.5,24.5,24.5,60,36,33,22.7,22.5,22.8,3.06,5.2,3.06,5.2,1.5,1.5,1.48
229,88.9,0,16.2,11.4,12.0,4.0,19.8,16.7,373.9,1.2,3.9,230,998.2,997.9,998.4,998.2,24.5,24.5,24.5,60,36,36,22.5,22.4,22.6,3.06,5.2,3.06,5.2,1.5,1.5,1.48
230,80.8,0,0.6,11.5,12.1,1.2,19.9,16.8,374.0,0.9,2.2,227,998.5,998.3,998.9,998.5,24.4,24.4,24.5,62,36,39,22.4,22.2,22.5,3.06,5.2,3.06,5.2,1.5,1.5,1.48
231,72.7,0,0.0,11.5,12.1,0.1,19.9,16.8,374.0,1.1,4.8,236,998.7,998.3,999.0,998.7,24.5,24.4,24.5,61,36,39,22.2,22.0,22.3,3.06,5.2,3.06,5.2,1.5,1.5,1.48
232,35.6,0,0.0,11.5,12.1,0.0,19.9,16.8,374.0,0.9,2.9,228,999.0,998.8,999.4,999.0,24.6,24.5,24.6,61,36,39,22.0,21.9,22.2,3.06,5.2,3.06,5.2,1.5,1.5,1.48
233,12.5,0,0.0,11.5,12.1,0.0,19.9,16.8,374.0,1.2,3.8,228,999.5,999.3,999.8,999.5,24.6,24.6,24.7,61,37,39,21.8,21.8,22.0,3.06,5.2,3.06,5.2,1.5,1.5,1.48
234,2.0,0,0.0,11.5,12.1,0.0,19.9,16.8,374.0,1.0,2.9,232,999.9,999.6,1000.2,999.9,24.7,24.6,24.7,60,37,39,21.8,21.6,21.9,3.06,5.2,3.06,5.2,1.5,1.5,1.48
235,0.0,0,0.0,11.5,12.1,0.0,19.9,16.8,374.0,0.9,3.3,223,1000.2,1000.0,1000.4,1000.2,24.7,24.6,24.7,60,37,39,21.6,21.5,21.8,3.06,5.2,3.06,5.2,1.5,1.5,1.48
236,0.0,0,0.0,11.5,12.1,0.0,19.9,16.8,374.0,0.8,2.7,224,1000.4,1000.1,1000.7,1000.4,24.6,24.6,24.7,60,37,39,21.4,21.3,21.5,3.06,5.1,3.06,5.1,1.5,1.5,1.48
237,0.0,0,0.0,11.5,12.1,0.0,19.9,16.8,374.0,0.7,2.4,231,1000.6,1000.3,1000.8,1000.6,24.6,24.5,24.6,60,37,39,21.3,21.1,21.5,3.06,5.1,3.06,5.1,1.5,1.5,1.48
238,0.0,0,0.0,11.5,12.1,0.0,19.9,16.8,374.0,1.0,3.3,212,1000.8,1000.5,1001.1,1000.8,24.5,24.5,24.6,60,37,39,21.2,21.1,21.3,3.06,5.1,3.06,5.1,1.5,1.5,1.48
239,0.0,0,0.0,11.5,12.1,0.0,19.9,16.8,374.0,0.8,2.7,223,1001.1,1000.9,1001.4,1001.1,24.5,24.4,24.5,60,37,38,21.1,21.0,21.2,3.06,5.0,3.06,5.0,1.5,1.5,1.48
240,0.0,0,0.0,0.0,12.1,0.0,19.9,16.8,374.0,0.7,2.7,237,1001.3,1001.1,1001.5,1001.3,24.4,24.4,24.5,60,37,38,20.9,20.8,21.1,3.06,5.0,3.06,5.0,1.5,1.5,1.48
241,0.0,0,0.0,0.0,12.1,0.0,19.9,16.8,374.0,1.2,4.4,225,1001.4,1001.3,1001.7,1001.4,24.4,24.4,24.4,60,37,38,20.8,20.7,21.0,3.06,5.0,3.06,5.0,1.5,1.5,1.48
242,0.0,0,0.0,0.0,12.1,0.0,19.9,16.8,374.0,1.3,4.8,227,1001.7,1001.4,1002.0,1001.7,24.4,24.3,24.4,60,37,38,20.7,20.6,20.9,3.06,5.0,3.06,5.0,1.5,1.5,1.48
243,0.0,0,0.0,0.0,12.1,0.0,19.9,16.8,374.0,0.8,2.6,230,1002.1,1001.9,1002.3,1002.1,24.3,24.3,24.4,60,37,38,20.6,20.5,20.7,3.06,4.9,3.06,4.9,1.5,1.5,1.48
244,0.0,0,0.0,0.0,12.1,0.0,19.9,16.8,374.0,1.0,2.9,227,1002.5,1002.2,1002.8,1002.5,24.3,24.3,24.3,60,37,37,20.6,20.4,20.7,3.06,4.9,3.06,4.9,1.5,1.5,1.48
245,0.0,0,0.0,0.0,12.1,0.0,19.9,16.8,374.0,1.0,3.2,223,1002.8,1002.4,1003.0,1002.8,24.3,24.3,24.3,60,37,37,20.4,20.3,20.6,3.06,4.9,3.06,4.9,1.5,1.5,1.48
246,0.0,0,0.0,0.0,12.1,0.0,19.9,16.8,374.0,0.8,2.5,229,1003.0,1002.7,1003.2,1003.0,24.3,24.2,24.3,60,37,37,20.3,20.2,20.4,3.06,4.8,3.06,4.8,1.5,1.5,1.48
247,0.0,0,0.0,0.0,12.1,0.0,19.9,16.8,374.0,0.9,4.3,226,1003.5,1003.1,1004.0,1003.5,24.2,24.2,24.3,60,37,37,20.3,20.2,20.4,3.06,4.8,3.06,4.8,1.5,1.5,1.48
248,0.0,0,0.0,0.0,12.1,0.0,19.9,16.8,374.0,0.9,3.0,228,1004.2,1003.9,1004.5,1004.2,24.2,24.2,24.3,60,37,37,20.2,20.1,20.3,3.06,4.8,3.06,4.8,1.5,1.5,1.48
249,0.0,0,0.0,0.0,12.1,0.0,19.9,16.8,374.0,1.1,4.3,233,1004.5,1004.3,1004.6,1004.5,24.2,24.2,24.2,60,37,37,20.2,20.0,20.2,3.06,4.7,3.06,4.7,1.5,1.5,1.48
250,2.7,0,0.0,0.0,12.1,0.0,19.9,16.8,374.0,1.1,3.1,235,1004.6,1004.3,1004.8,1004.6,24.2,24.2,24.2,60,37,37,20.1,19.9,20.1,3.06,4.7,3.06,4.7,1.5,1.5,1.48
251,16.3,0,0.0,0.0,12.1,0.0,19.9,16.8,374.0,1.0,3.2,226,1004.9,1004.6,1005.1,1004.9,24.2,24.1,24.2,60,37,37,20.1,20.0,20.2,3.06,4.7,3.06,4.7,1.5,1.5,1.48
252,38.9,0,0.0,0.0,12.1,0.0,19.9,16.8,374.0,1.0,3.3,237,1005.0,1004.8,1005.2,1005.0,24.2,24.1,24.2,60,37,37,20.0,19.9,20.1,3.06,4.7,3.06,4.7,1.5,1.5,1.48
253,108.0,1,0.0,0.0,12.1,0.0,19.9,16.8,374.0,0.8,3.0,235,1005.5,1005.1,1005.9,1005.5,24.2,24.2,24.2,60,37,36,19.9,19.8,20.1,3.06,4.7,3.06,4.7,1.5,1.5,1.48
254,76.5,0,0.0,0.0,12.1,0.0,19.9,16.8,374.0,0.9,2.5,241,1005.9,1005.7,1006.4,1005.9,24.2,24.2,24.2,60,37,36,19.9,19.8,20.0,3.06,4.7,3.06,4.7,1.5,1.5,1.48
255,135.4,1,0.0,0.0,12.1,0.0,19.9,16.8,374.0,0.7,2.6,249,1006.3,1006.0,1006.6,1006.3,24.2,24.1,24.2,60,37,36,19.8,19.7,20.0,3.06,4.8,3.06,4.8,1.5,1.5,1.48
256,155.4,1,0.0,0.0,12.1,0.0,19.9,16.8,374.0,0.9,2.7,262,1006.6,1006.3,1006.8,1006.6,24.2,24.2,24.3,60,37,36,19.8,19.7,19.9,3.06,4.9,3.06,4.9,1.5,1.5,1.48
257,441.4,4,0.0,0.0,12.1,0.0,19.9,16.8,374.0,0.6,2.3,255,1007.1,1006.6,1007.4,1007.1,24.2,24.2,24.3,60,37,36,19.8,19.7,19.9,3.06,5.1,3.06,5.1,1.5,1.5,1.48
258,407.3,3,0.0,0.0,12.1,0.0,19.9,16.8,374.0,0.6,2.4,280,1007.4,1007.1,1007.7,1007.4,24.3,24.3,24.3,59,37,36,19.8,19.7,19.9,3.06,5.3,3.06,5.3,1.5,1.5,1.48
259,687.7,6,0.0,0.0,12.1,0.0,19.9,16.8,374.0,1.0,2.9,237,1007.7,1007.4,1008.0,1007.7,24.4,24.3,24.5,59,37,36,19.8,19.7,20.0,3.06,5.3,3.06,5.3,1.5,1.5,1.48
260,674.6,6,0.0,0.0,12.1,0.0,19.9,16.8,374.0,0.9,2.7,245,1007.9,1007.7,1008.2,1007.9,24.6,24.5,24.7,59,37,35,20.0,19.8,20.1,3.06,5.3,3.06,5.3,1.5,1.5,1.48
261,619.6,5,0.0,0.0,12.1,0.0,19.9,16.8,374.0,0.6,2.6,248,1008.2,1008.0,1008.5,1008.2,24.7,24.6,24.7,59,37,35,20.2,20.0,20.5,3.06,5.3,3.06,5.3,1.5,1.5,1.48
262,676.0,6,0.0,0.0,12.1,0.0,19.9,16.8,374.0,0.6,2.7,260,1008.4,1008.1,1008.7,1008.4,24.7,24.6,24.7,59,37,35,20.5,20.3,20.8,3.06,5.3,3.06,5.3,1.5,1.5,1.48
263,934.9,8,0.0,0.0,12.1,0.0,19.9,16.8,374.0,0.6,2.0,258,1008.6,1008.4,1008.9,1008.6,24.7,24.6,24.7,59,37,34,20.8,20.7,21.0,3.05,5.3,3.05,5.3,1.5,1.5,1.48
264,200.2,1,0.0,0.0,12.1,0.0,19.9,16.8,374.0,0.7,2.2,239,1008.7,1008.4,1008.9,1008.7,24.6,24.6,24.7,59,37,34,21.1,20.9,21.2,3.06,5.3,3.06,5.3,1.5,1.5,1.48
265,986.7,9,0.0,0.0,12.1,0.0,19.9,16.8,374.0,0.6,2.6,244,1008.9,1008.7,1009.1,1008.9,24.6,24.5,24.6,58,36,34,21.3,21.1,21.4,3.06,5.3,3.06,5.3,1.5,1.5,1.48
266,946.8,8,0.0,0.0,12.1,0.0,19.9,16.8,374.0,0.6,2.1,264,1008.7,1008.3,1008.9,1008.7,24.4,24.4,24.5,55,36,34,21.4,21.3,21.5,3.05,5.3,3.05,5.3,1.5,1.5,1.48
267,886.4,8,0.0,0.0,12.1,0.0,19.9,16.8,374.0,1.0,3.8,231,1008.7,1008.4,1009.0,1008.7,24.4,24.4,24.5,55,36,33,21.6,21.5,21.8,3.04,5.3,3.04,5.3,1.5,1.5,1.48
268,456.4,4,0.6,0.1,12.2,0.1,20.0,16.9,374.1,0.9,3.1,215,1009.2,1008.9,1009.5,1009.2,24.4,24.4,24.5,55,36,33,21.8,21.6,22.0,3.06,5.3,3.06,5.3,1.5,1.5,1.48
269,547.5,5,0.6,0.3,12.4,0.3,20.2,17.1,374.3,0.6,3.5,238,1009.3,1009.1,1009.5,1009.3,24.4,24.4,24.4,56,36,32,22.0,21.9,22.1,3.06,5.3,3.06,5.3,1.5,1.5,1.48
270,600.3,5,0.0,0.3,12.4,0.1,20.2,17.1,374.3,0.4,2.3,276,1009.6,1009.4,1009.8,1009.6,24.4,24.3,24.4,56,36,32,22.1,22.0,22.3,3.06,5.3,3.06,5.3,1.5,1.5,1.48
271,439.1,4,0.0,0.3,12.4,0.0,20.2,17.1,374.3,0.5,2.6,241,1009.5,1009.2,1009.9,1009.5,24.3,24.2,24.3,55,35,32,22.2,22.1,22.3,3.06,5.3,3.06,5.3,1.5,1.5,1.48
272,646.6,6,0.0,0.3,12.4,0.0,20.2,17.1,374.3,0.7,2.7,238,1009.5,1009.2,1009.7,1009.5,24.3,24.2,24.3,55,35,32,22.3,22.2,22.4,3.06,5.3,3.06,5.3,1.5,1.5,1.48
273,595.2,5,0.0,0.3,12.4,0.0,20.2,17.1,374.3,1.2,3.9,227,1009.6,1009.3,1009.9,1009.6,24.3,24.2,24.3,55,35,32,22.4,22.3,22.5,3.04,5.3,3.04,5.3,1.5,1.5,1.48
274,628.6,5,0.0,0.3,12.4,0.0,20.2,17.1,374.3,1.3,4.4,238,1009.7,1009.5,1009.9,1009.7,24.3,24.3,24.4,56,35,31,22.5,22.3,22.5,3.04,5.3,3.04,5.3,1.5,1.5,1.48
275,364.9,3,0.0,0.3,12.4,0.0,20.2,17.1,374.3,1.0,2.7,240,1009.5,1009.3,1009.7,1009.5,24.3,24.3,24.4,56,35,31,22.5,22.5,22.7,3.04,5.3,3.04,5.3,1.5,1.5,1.48
276,296.9,2,0.0,0.3,0.0,0.0,20.2,17.1,374.3,1.2,4.6,236,1009.6,1009.4,1009.8,1009.6,24.3,24.3,24.4,56,35,31,22.7,22.6,22.8,3.04,5.3,3.04,5.3,1.5,1.5,1.48
277,193.0,1,0.0,0.3,0.0,0.0,20.2,17.1,374.3,1.0,2.4,238,1009.6,1009.4,1009.8,1009.6,24.3,24.3,24.4,57,35,31,22.7,22.7,22.8,3.05,5.3,3.05,5.3,1.5,1.5,1.48
278,160.1,1,0.0,0.3,0.0,0.0,20.2,17.1,374.3,0.9,2.7,254,1009.6,1009.5,1009.7,1009.6,24.3,24.3,24.4,57,35,31,22.8,22.7,22.9,3.05,5.3,3.05,5.3,1.5,1.5,1.48
279,64.5,0,0.0,0.3,0.0,0.0,20.2,17.1,374.3,0.8,3.5,246,1009.7,1009.5,1009.9,1009.7,24.3,24.3,24.3,57,34,30,22.8,22.8,23.0,3.06,5.3,3.06,5.3,1.5,1.5,1.48
280,36.0,0,0.0,0.3,0.0,0.0,20.2,17.1,374.3,0.6,2.6,222,1010.0,1009.6,1010.3,1010.0,24.3,24.3,24.3,57,34,30,22.9,22.8,23.0,3.06,5.3,3.06,5.3,1.5,1.5,1.48
281,13.0,0,0.0,0.3,0.0,0.0,20.2,17.1,374.3,0.3,1.6,250,1010.5,1010.2,1010.8,1010.5,24.3,24.3,24.3,57,34,30,22.8,22.7,23.0,3.06,5.3,3.06,5.3,1.5,1.5,1.48
282,1.9,0,0.0,0.3,0.0,0.0,20.2,17.1,374.3,0.1,1.3,230,1011.0,1010.6,1011.2,1011.0,24.3,24.2,24.3,57,34,30,22.8,22.7,22.9,3.06,5.2,3.06,5.2,1.5,1.5,1.48
283,0.0,0,0.0,0.3,0.0,0.0,20.2,17.1,374.3,0.1,0.8,309,1011.1,1010.9,1011.4,1011.1,24.2,24.2,24.3,57,34,30,22.7,22.6,22.8,3.06,5.2,3.06,5.2,1.5,1.5,1.48
284,0.0,0,0.0,0.3,0.0,0.0,20.2,17.1,374.3,0.0,0.0,41,1011.3,1011.0,1011.5,1011.3,24.2,24.2,24.2,58,34,30,22.7,22.6,22.8,3.06,5.2,3.06,5.2,1.5,1.5,1.48
285,0.0,0,0.0,0.3,0.0,0.0,20.2,17.1,374.3,0.0,0.5,38,1011.4,1011.1,1011.7,1011.4,24.2,24.2,24.2,58,34,30,22.5,22.4,22.6,3.06,5.1,3.06,5.1,1.5,1.5,1.48
286,0.0,0,0.0,0.3,0.0,0.0,20.2,17.1,374.3,0.0,0.5,359,1011.6,1011.4,1011.8,1011.6,24.2,24.2,24.2,58,34,30,22.4,22.3,22.5,3.06,5.1,3.06,5.1,1.5,1.5,1.48
287,0.0,0,0.0,0.3,0.0,0.0,20.2,17.1,374.3,0.0,0.9,304,1011.6,1011.4,1011.7,1011.6,24.2,24.1,24.2,58,34,30,22.2,22.1,22.4,3.06,5.1,3.06,5.1,1.5,1.5,1.48
288,0.0,0,0.0,0.0,0.0,0.0,20.2,17.1,374.3,0.1,0.8,284,1011.6,1011.3,1011.8,1011.6,24.2,24.1,24.2,58,34,30,22.0,21.9,22.2,3.06,5.1,3.06,5.1,1.5,1.5,1.48
289,0.0,0,0.0,0.0,0.0,0.0,20.2,17.1,374.3,0.1,0.9,260,1011.8,1011.5,1012.2,1011.8,24.1,24.1,24.2,58,34,30,21.8,21.7,21.9,3.06,5.0,3.06,5.0,1.5,1.5,1.48
290,0.0,0,0.0,0.0,0.0,0.0,20.2,17.1,374.3,0.1,1.1,316,1011.9,1011.8,1012.2,1011.9,24.1,24.1,24.2,58,34,30,21.7,21.5,21.9,3.06,5.0,3.06,5.0,1.5,1.5,1.48
291,0.0,0,0.0,0.0,0.0,0.0,20.2,17.1,374.3,0.0,0.7,46,1011.8,1011.6,1012.0,1011.8,24.1,24.1,24.1,58,34,30,21.5,21.4,21.7,3.06,5.0,3.06,5.0,1.5,1.5,1.48
292,0.0,0,0.0,0.0,0.0,0.0,20.2,17.1,374.3,0.1,0.7,308,1012.0,1011.7,1012.3,1012.0,24.1,24.1,24.1,58,34,30,21.3,21.2,21.4,3.06,4.9,3.06,4.9,1.5,1.5,1.48
293,0.0,0,0.0,0.0,0.0,0.0,20.2,17.1,374.3,0.0,0.9,305,1012.0,1011.7,1012.3,1012.0,24.1,24.1,24.1,58,34,30,21.2,21.0,21.3,3.06,4.9,3.06,4.9,1.5,1.5,1.48
294,0.0,0,0.0,0.0,0.0,0.0,20.2,17.1,374.3,0.0,0.7,52,1012.0,1011.8,1012.3,1012.0,24.1,24.0,24.1,58,34,30,21.0,20.8,21.1,3.06,4.9,3.06,4.9,1.5,1.5,1.48
295,0.0,0,0.0,0.0,0.0,0.0,20.2,17.1,374.3,0.0,0.6,283,1011.9,1011.6,1012.1,1011.9,24.0,24.0,24.1,58,34,30,20.8,20.7,21.0,3.06,4.9,3.06,4.9,1.5,1.5,1.48
296,0.0,0,0.0,0.0,0.0,0.0,20.2,17.1,374.3,0.1,0.7,296,1011.9,1011.7,1012.0,1011.9,24.0,24.0,24.1,58,34,30,20.6,20.5,20.8,3.06,4.8,3.06,4.8,1.5,1.5,1.48
297,0.0,0,0.0,0.0,0.0,0.0,20.2,17.1,374.3,0.0,0.8,269,1012.1,1011.8,1012.2,1012.1,24.0,24.0,24.0,58,34,30,20.5,20.3,20.6,3.06,4.8,3.06,4.8,1.5,1.5,1.48
298,2.2,0,0.0,0.0,0.0,0.0,20.2,17.1,374.3,0.0,0.7,50,1012.2,1012.0,1012.5,1012.2,24.0,24.0,24.0,58,33,30,20.2,20.1,20.4,3.06,4.8,3.06,4.8,1.5,1.5,1.48
299,13.9,0,0.0,0.0,0.0,0.0,20.2,17.1,374.3,0.1,0.9,30,1012.0,1011.8,1012.3,1012.0,24.0,24.0,24.0,58,33,30,20.1,20.0,20.2,3.06,4.7,3.06,4.7,1.5,1.5,1.48
300,44.3,0,0.0,0.0,0.0,0.0,20.2,17.1,374.3,0.1,0.9,47,1012.1,1011.9,1012.3,1012.1,24.0,24.0,24.0,58,33,30,20.0,19.8,20.1,3.06,4.7,3.06,4.7,1.5,1.5,1.48
301,93.0,0,0.0,0.0,0.0,0.0,20.2,17.1,374.3,0.1,1.0,12,1012.3,1012.1,1012.5,1012.3,24.0,24.0,24.0,58,33,30,19.8,19.7,19.9,3.06,4.8,3.06,4.8,1.5,1.5,1.48
302,99.2,0,0.0,0.0,0.0,0.0,20.2,17.1,374.3,0.1,0.9,293,1012.3,1012.1,1012.7,1012.3,24.1,24.0,24.1,58,33,30,19.7,19.5,19.8,3.06,4.8,3.06,4.8,1.5,1.5,1.48
303,105.3,0,0.0,0.0,0.0,0.0,20.2,17.1,374.3,0.2,1.2,350,1012.6,1012.4,1012.7,1012.6,24.2,24.1,24.2,58,33,30,19.6,19.5,19.7,3.06,4.9,3.06,4.9,1.5,1.5,1.48
304,157.9,1,0.0,0.0,0.0,0.0,20.2,17.1,374.3,0.3,1.1,311,1012.4,1012.3,1012.6,1012.4,24.2,24.2,24.3,58,33,30,19.7,19.5,19.8,3.06,5.0,3.06,5.0,1.5,1.5,1.48
305,257.1,2,0.0,0.0,0.0,0.0,20.2,17.1,374.3,0.2,2.0,19,1012.5,1012.3,1012.7,1012.5,24.3,24.3,24.4,58,33,29,19.8,19.6,20.0,3.06,5.1,3.06,5.1,1.5,1.5,1.48
306,226.2,2,0.0,0.0,0.0,0.0,20.2,17.1,374.3,0.5,2.3,310,1012.4,1012.1,1012.6,1012.4,24.3,24.3,24.4,58,33,29,20.1,19.8,20.3,3.06,5.3,3.06,5.3,1.5,1.5,1.48
307,238.3,2,0.0,0.0,0.0,0.0,20.2,17.1,374.3,0.5,3.0,301,1012.3,1012.1,1012.5,1012.3,24.3,24.3,24.4,58,33,29,20.4,20.3,20.6,3.06,5.3,3.06,5.3,1.5,1.5,1.48
308,474.9,4,0.0,0.0,0.0,0.0,20.2,17.1,374.3,1.1,2.9,352,1012.1,1012.0,1012.4,1012.1,24.3,24.3,24.4,58,33,29,20.7,20.5,20.8,3.06,5.3,3.06,5.3,1.5,1.5,1.48
309,782.3,7,0.0,0.0,0.0,0.0,20.2,17.1,374.3,0.6,2.6,325,1012.1,1012.0,1012.3,1012.1,24.4,24.3,24.5,58,32,29,20.8,20.7,21.0,3.06,5.3,3.06,5.3,1.5,1.5,1.48
310,542.1,5,0.0,0.0,0.0,0.0,20.2,17.1,374.3,0.5,2.6,334,1012.0,1011.8,1012.2,1012.0,24.5,24.4,24.5,57,32,28,21.0,20.8,21.2,3.06,5.3,3.06,5.3,1.5,1.5,1.48
311,739.6,6,0.0,0.0,0.0,0.0,20.2,17.1,374.3,0.5,2.5,356,1011.8,1011.4,1012.1,1011.8,24.5,24.5,24.5,57,32,28,21.2,21.1,21.4,3.06,5.3,3.06,5.3,1.5,1.5,1.48
312,542.2,5,0.0,0.0,0.0,0.0,20.2,17.1,374.3,0.6,2.1,18,1011.6,1011.3,1011.9,1011.6,24.6,24.5,24.6,57,31,28,21.5,21.3,21.6,3.05,5.3,3.05,5.3,1.5,1.5,1.48
313,655.9,6,0.0,0.0,0.0,0.0,20.2,17.1,374.3,0.4,1.8,340,1011.6,1011.3,1011.9,1011.6,24.6,24.6,24.6,57,30,27,21.7,21.5,21.9,3.05,5.3,3.05,5.3,1.5,1.5,1.48
314,506.9,4,0.0,0.0,0.0,0.0,20.2,17.1,374.3,0.3,1.5,304,1011.2,1010.8,1011.5,1011.2,24.7,24.6,24.7,57,30,27,22.0,21.8,22.2,3.05,5.3,3.05,5.3,1.5,1.5,1.48
315,571.1,5,0.0,0.0,0.0,0.0,20.2,17.1,374.3,0.3,1.3,258,1010.9,1010.6,1011.2,1010.9,24.7,24.6,24.7,57,30,27,22.3,22.1,22.5,3.04,5.3,3.04,5.3,1.5,1.5,1.48
316,455.4,4,0.0,0.0,0.0,0.0,20.2,17.1,374.3,0.3,1.8,271,1010.7,1010.5,1010.8,1010.7,24.7,24.7,24.7,57,29,27,22.6,22.4,22.8,3.04,5.3,3.04,5.3,1.5,1.5,1.48
317,333.0,3,0.0,0.0,0.0,0.0,20.2,17.1,374.3,0.4,1.6,282,1010.5,1010.3,1010.7,1010.5,24.7,24.6,24.7,57,29,26,22.8,22.6,22.9,3.05,5.3,3.05,5.3,1.5,1.5,1.48
318,297.3,2,0.0,0.0,0.0,0.0,20.2,17.1,374.3,0.4,1.6,265,1010.4,1010.2,1010.6,1010.4,24.7,24.7,24.7,57,29,26,22.9,22.8,23.0,3.06,5.3,3.06,5.3,1.5,1.5,1.48
319,295.8,2,0.0,0.0,0.0,0.0,20.2,17.1,374.3,0.2,1.8,338,1010.3,1009.9,1010.5,1010.3,24.6,24.6,24.7,57,28,26,23.1,22.9,23.2,3.06,5.3,3.06,5.3,1.5,1.5,1.48
320,292.3,2,0.0,0.0,0.0,0.0,20.2,17.1,374.3,0.3,2.0,274,1009.8,1009.5,1010.1,1009.8,24.6,24.6,24.7,57,28,26,23.2,23.0,23.3,3.06,5.3,3.06,5.3,1.5,1.5,1.48
321,356.4,3,0.0,0.0,0.0,0.0,20.2,17.1,374.3,0.4,1.4,295,1009.6,1009.3,1009.9,1009.6,24.6,24.6,24.7,58,28,26,23.2,23.1,23.3,3.06,5.3,3.06,5.3,1.5,1.5,1.48
322,291.8,2,0.0,0.0,0.0,0.0,20.2,17.1,374.3,0.4,1.3,343,1009.5,1009.2,1009.8,1009.5,24.6,24.6,24.6,58,28,25,23.2,23.1,23.3,3.06,5.3,3.06,5.3,1.5,1.5,1.48
